kunnr,zbrand,zbrant,name1,vkorg,vtweg
2000,1,YG BRAND,"QNCT(Qingdao New Century Tool Co.,L",1000,20
2000,2,OEM BRAND,"QNCT(Qingdao New Century Tool Co.,L",1000,20
2000,4,NO MARKING,"QNCT(Qingdao New Century Tool Co.,L",1000,20
2000,58,NO BRAND,"QNCT(Qingdao New Century Tool Co.,L",1000,20
2000,134,DOM-YG BRAND,"QNCT(Qingdao New Century Tool Co.,L",1000,20
2000,135,DOM-NO MARKING,"QNCT(Qingdao New Century Tool Co.,L",1000,20
2000,136,EXP-NO MARKING,"QNCT(Qingdao New Century Tool Co.,L",1000,20
2000,153,IPES BRAND,"QNCT(Qingdao New Century Tool Co.,L",1000,20
2000,493,"VIETNAM, FCT BRAND","QNCT(Qingdao New Century Tool Co.,L",1000,20
2100,1,YG BRAND,"QINGDAO YG-1 TOOL CO.,LTD",1000,20
2100,2,OEM BRAND,"QINGDAO YG-1 TOOL CO.,LTD",1000,20
2100,3,NEUTRAL BRAND,"QINGDAO YG-1 TOOL CO.,LTD",1000,20
2100,4,NO MARKING,"QINGDAO YG-1 TOOL CO.,LTD",1000,20
2100,27,EUROPA BRAND,"QINGDAO YG-1 TOOL CO.,LTD",1000,20
2100,58,NO BRAND,"QINGDAO YG-1 TOOL CO.,LTD",1000,20
2100,85,OSBORN BRAND,"QINGDAO YG-1 TOOL CO.,LTD",1000,20
2100,96,REGAL BRAND,"QINGDAO YG-1 TOOL CO.,LTD",1000,20
2100,104,SKL BRAND,"QINGDAO YG-1 TOOL CO.,LTD",1000,20
2100,108,STK BRAND,"QINGDAO YG-1 TOOL CO.,LTD",1000,20
2100,123,NEW CENTURY BRAND,"QINGDAO YG-1 TOOL CO.,LTD",1000,20
2100,131,PREMIER BRAND,"QINGDAO YG-1 TOOL CO.,LTD",1000,20
2100,134,DOM-YG BRAND,"QINGDAO YG-1 TOOL CO.,LTD",1000,20
2100,135,DOM-NO MARKING,"QINGDAO YG-1 TOOL CO.,LTD",1000,20
2100,153,IPES BRAND,"QINGDAO YG-1 TOOL CO.,LTD",1000,20
2100,156,SAT BRAND,"QINGDAO YG-1 TOOL CO.,LTD",1000,20
2100,185,DOM-OEM BRAND,"QINGDAO YG-1 TOOL CO.,LTD",1000,20
2100,186,DOM-UTOOL BRAND(EAGLE),"QINGDAO YG-1 TOOL CO.,LTD",1000,20
2100,211,NEK BRAND,"QINGDAO YG-1 TOOL CO.,LTD",1000,20
2100,241,P-BECK BRAND,"QINGDAO YG-1 TOOL CO.,LTD",1000,20
2100,300,KOR-YG BRAND,"QINGDAO YG-1 TOOL CO.,LTD",1000,20
2100,436,UNICORN BRAND,"QINGDAO YG-1 TOOL CO.,LTD",1000,20
2100,452,GP BRAND,"QINGDAO YG-1 TOOL CO.,LTD",1000,20
2100,459,HYDRA BRAND,"QINGDAO YG-1 TOOL CO.,LTD",1000,20
2100,467,,"QINGDAO YG-1 TOOL CO.,LTD",1000,20
2100,469,TI-PHOON(YG)BRAND,"QINGDAO YG-1 TOOL CO.,LTD",1000,20
2100,488,MINICUT(PRATT&WHITNEY),"QINGDAO YG-1 TOOL CO.,LTD",1000,20
2100,491,YG-WANYUE,"QINGDAO YG-1 TOOL CO.,LTD",1000,20
2100,497,GEMSY BRAND,"QINGDAO YG-1 TOOL CO.,LTD",1000,20
2100,501,UNBRANDED,"QINGDAO YG-1 TOOL CO.,LTD",1000,20
2100,504,YG BRAND(BYD),"QINGDAO YG-1 TOOL CO.,LTD",1000,20
2100,506,YG BRAND(TS),"QINGDAO YG-1 TOOL CO.,LTD",1000,20
2300,1,YG BRAND,YG-1 (CHINA) HOLDINGS LIMITED,1000,20
2300,2,OEM BRAND,YG-1 (CHINA) HOLDINGS LIMITED,1000,20
2300,3,NEUTRAL BRAND,YG-1 (CHINA) HOLDINGS LIMITED,1000,20
2300,4,NO MARKING,YG-1 (CHINA) HOLDINGS LIMITED,1000,20
2300,27,EUROPA BRAND,YG-1 (CHINA) HOLDINGS LIMITED,1000,20
2300,39,HF BRAND,YG-1 (CHINA) HOLDINGS LIMITED,1000,20
2300,40,HFⅡ BRAND,YG-1 (CHINA) HOLDINGS LIMITED,1000,20
2300,48,KANREX BRAND,YG-1 (CHINA) HOLDINGS LIMITED,1000,20
2300,58,NO BRAND,YG-1 (CHINA) HOLDINGS LIMITED,1000,20
2300,104,SKL BRAND,YG-1 (CHINA) HOLDINGS LIMITED,1000,20
2300,138,HF-JD,YG-1 (CHINA) HOLDINGS LIMITED,1000,20
2300,153,IPES BRAND,YG-1 (CHINA) HOLDINGS LIMITED,1000,20
2300,226,FOXCONN,YG-1 (CHINA) HOLDINGS LIMITED,1000,20
2300,427,YG-KSGB,YG-1 (CHINA) HOLDINGS LIMITED,1000,20
2300,469,TI-PHOON(YG)BRAND,YG-1 (CHINA) HOLDINGS LIMITED,1000,20
2300,470,HPD BRAND,YG-1 (CHINA) HOLDINGS LIMITED,1000,20
2400,1,YG BRAND,YG-1 (THAILAND) COMPANY LIMITED,1000,20
2400,3,NEUTRAL BRAND,YG-1 (THAILAND) COMPANY LIMITED,1000,20
2400,4,NO MARKING,YG-1 (THAILAND) COMPANY LIMITED,1000,20
2400,58,NO BRAND,YG-1 (THAILAND) COMPANY LIMITED,1000,20
2400,123,NEW CENTURY BRAND,YG-1 (THAILAND) COMPANY LIMITED,1000,20
2400,300,KOR-YG BRAND,YG-1 (THAILAND) COMPANY LIMITED,1000,20
2400,406,KOR-NC BRAND,YG-1 (THAILAND) COMPANY LIMITED,1000,20
2500,1,YG BRAND,YG-1 (MALAYSIA) SDN. BHD.,1000,20
2500,3,NEUTRAL BRAND,YG-1 (MALAYSIA) SDN. BHD.,1000,20
2500,4,NO MARKING,YG-1 (MALAYSIA) SDN. BHD.,1000,20
2500,58,NO BRAND,YG-1 (MALAYSIA) SDN. BHD.,1000,20
2500,123,NEW CENTURY BRAND,YG-1 (MALAYSIA) SDN. BHD.,1000,20
2500,131,PREMIER BRAND,YG-1 (MALAYSIA) SDN. BHD.,1000,20
2500,300,KOR-YG BRAND,YG-1 (MALAYSIA) SDN. BHD.,1000,20
2500,406,KOR-NC BRAND,YG-1 (MALAYSIA) SDN. BHD.,1000,20
2600,4,NO MARKING,"Qingdao Schneider Co.,Ltd",1000,20
3000,1,YG BRAND,YG Cutting Tools Corporation Pvt Lt,1000,20
3000,4,NO MARKING,YG Cutting Tools Corporation Pvt Lt,1000,20
3000,58,NO BRAND,YG Cutting Tools Corporation Pvt Lt,1000,20
3000,123,NEW CENTURY BRAND,YG Cutting Tools Corporation Pvt Lt,1000,20
3100,1,YG BRAND,YG-1 INDUSTRIES INDIA PVT. LTD.,1000,20
3100,3,NEUTRAL BRAND,YG-1 INDUSTRIES INDIA PVT. LTD.,1000,20
3100,4,NO MARKING,YG-1 INDUSTRIES INDIA PVT. LTD.,1000,20
3200,1,YG BRAND,"YG-1 JAPAN CO., LTD.",1000,20
3200,2,OEM BRAND,"YG-1 JAPAN CO., LTD.",1000,20
3200,4,NO MARKING,"YG-1 JAPAN CO., LTD.",1000,20
3200,39,HF BRAND,"YG-1 JAPAN CO., LTD.",1000,20
3200,58,NO BRAND,"YG-1 JAPAN CO., LTD.",1000,20
3200,112,TANAKAZEN BRAND,"YG-1 JAPAN CO., LTD.",1000,20
3200,142,YAMAKATSU BRAND,"YG-1 JAPAN CO., LTD.",1000,20
3200,166,IWASE SANGYO BRAND,"YG-1 JAPAN CO., LTD.",1000,20
3200,181,YSK BRAND,"YG-1 JAPAN CO., LTD.",1000,20
3200,183,YMKT BRAND,"YG-1 JAPAN CO., LTD.",1000,20
3200,192,JIMK BRAND,"YG-1 JAPAN CO., LTD.",1000,20
3200,209,YCS BRAND,"YG-1 JAPAN CO., LTD.",1000,20
3200,227,NIKKO KIZAI BRAND,"YG-1 JAPAN CO., LTD.",1000,20
3200,245,SUGIMOTO BRAND,"YG-1 JAPAN CO., LTD.",1000,20
3200,248,KURODA BRAND,"YG-1 JAPAN CO., LTD.",1000,20
3200,249,SAKANOSHITA BRAND,"YG-1 JAPAN CO., LTD.",1000,20
3200,250,DAIWA SHOKAI,"YG-1 JAPAN CO., LTD.",1000,20
3200,411,TOSA KIKO BRAND,"YG-1 JAPAN CO., LTD.",1000,20
3200,412,CHUO KOKI BRAND,"YG-1 JAPAN CO., LTD.",1000,20
3200,435,SIAM YAMAKATSU BRAND,"YG-1 JAPAN CO., LTD.",1000,20
3200,439,YAMA-K,"YG-1 JAPAN CO., LTD.",1000,20
3200,448,NIKKO KIZAI 별도,"YG-1 JAPAN CO., LTD.",1000,20
3200,450,YAMAKATSU 별도,"YG-1 JAPAN CO., LTD.",1000,20
3200,465,KUMAZAWA,"YG-1 JAPAN CO., LTD.",1000,20
3200,471,YG BRAND (COMINIX),"YG-1 JAPAN CO., LTD.",1000,20
3200,476,SAKUSAKU BRAND,"YG-1 JAPAN CO., LTD.",1000,20
3200,477,YG BRAND_PRICE (SAKUSAKU),"YG-1 JAPAN CO., LTD.",1000,20
3200,480,YG BRAND (YGT Y),"YG-1 JAPAN CO., LTD.",1000,20
3200,481,YG BRAND (CHUO KOKI),"YG-1 JAPAN CO., LTD.",1000,20
3200,482,YG BRAND (IBIDEN),"YG-1 JAPAN CO., LTD.",1000,20
3200,507,NEW CENTURY BRAND(COMINIX),"YG-1 JAPAN CO., LTD.",1000,20
3400,1,YG BRAND,YG-1 TOOLS ASIA PTE. LTD.,1000,20
3400,2,OEM BRAND,YG-1 TOOLS ASIA PTE. LTD.,1000,20
3400,3,NEUTRAL BRAND,YG-1 TOOLS ASIA PTE. LTD.,1000,20
3400,27,EUROPA BRAND,YG-1 TOOLS ASIA PTE. LTD.,1000,20
3400,58,NO BRAND,YG-1 TOOLS ASIA PTE. LTD.,1000,20
3400,123,NEW CENTURY BRAND,YG-1 TOOLS ASIA PTE. LTD.,1000,20
3400,128,KOTA MARKING,YG-1 TOOLS ASIA PTE. LTD.,1000,20
3400,131,PREMIER BRAND,YG-1 TOOLS ASIA PTE. LTD.,1000,20
3400,140,OEM_NT BRAND,YG-1 TOOLS ASIA PTE. LTD.,1000,20
3400,180,KCT BRAND,YG-1 TOOLS ASIA PTE. LTD.,1000,20
3400,231,KKK BRAND,YG-1 TOOLS ASIA PTE. LTD.,1000,20
3400,250,DAIWA SHOKAI,YG-1 TOOLS ASIA PTE. LTD.,1000,20
3400,406,KOR-NC BRAND,YG-1 TOOLS ASIA PTE. LTD.,1000,20
3500,1,YG BRAND,Y.G-1 (HONG KONG) LIMITED,1000,20
3500,2,OEM BRAND,Y.G-1 (HONG KONG) LIMITED,1000,20
3500,4,NO MARKING,Y.G-1 (HONG KONG) LIMITED,1000,20
3500,27,EUROPA BRAND,Y.G-1 (HONG KONG) LIMITED,1000,20
3500,104,SKL BRAND,Y.G-1 (HONG KONG) LIMITED,1000,20
3500,131,PREMIER BRAND,Y.G-1 (HONG KONG) LIMITED,1000,20
3500,132,OSCAR BRAND,Y.G-1 (HONG KONG) LIMITED,1000,20
3500,168,OSCAR BRAND,Y.G-1 (HONG KONG) LIMITED,1000,20
3600,1,YG BRAND,"YG-1 VIETNAM CO., LTD.",1000,20
3600,2,OEM BRAND,"YG-1 VIETNAM CO., LTD.",1000,20
3600,58,NO BRAND,"YG-1 VIETNAM CO., LTD.",1000,20
3600,123,NEW CENTURY BRAND,"YG-1 VIETNAM CO., LTD.",1000,20
3600,300,KOR-YG BRAND,"YG-1 VIETNAM CO., LTD.",1000,20
3600,406,KOR-NC BRAND,"YG-1 VIETNAM CO., LTD.",1000,20
3600,449,HANWHA,"YG-1 VIETNAM CO., LTD.",1000,20
3600,478,YG BRAND_PRICE (CTR),"YG-1 VIETNAM CO., LTD.",1000,20
3600,479,YG BRAND_PRICE (DS VINA),"YG-1 VIETNAM CO., LTD.",1000,20
3600,483,YG BRAND (VIETNAM-KOR),"YG-1 VIETNAM CO., LTD.",1000,20
3600,492,YG BRAND_PRICE (EMTECH),"YG-1 VIETNAM CO., LTD.",1000,20
4000,1,YG BRAND,"EUROPA TOOL CO., LTD.",1000,20
4000,2,OEM BRAND,"EUROPA TOOL CO., LTD.",1000,20
4000,3,NEUTRAL BRAND,"EUROPA TOOL CO., LTD.",1000,20
4000,4,NO MARKING,"EUROPA TOOL CO., LTD.",1000,20
4000,17,CLARKSON BRAND,"EUROPA TOOL CO., LTD.",1000,20
4000,58,NO BRAND,"EUROPA TOOL CO., LTD.",1000,20
4000,85,OSBORN BRAND,"EUROPA TOOL CO., LTD.",1000,20
4000,400,NEW OSBORN,"EUROPA TOOL CO., LTD.",1000,20
4000,501,UNBRANDED,"EUROPA TOOL CO., LTD.",1000,20
4100,1,YG BRAND,YG-1 EUROPE,1000,20
4100,2,OEM BRAND,YG-1 EUROPE,1000,20
4100,3,NEUTRAL BRAND,YG-1 EUROPE,1000,20
4100,4,NO MARKING,YG-1 EUROPE,1000,20
4100,5,OTHER PACKING,YG-1 EUROPE,1000,20
4100,13,ATORN BRAND,YG-1 EUROPE,1000,20
4100,21,CORAI NEUTRAL,YG-1 EUROPE,1000,20
4100,23,E.LECLERC BRAND,YG-1 EUROPE,1000,20
4100,26,ESSEX BRAND,YG-1 EUROPE,1000,20
4100,35,GISS BRAND,YG-1 EUROPE,1000,20
4100,41,HHW BRAND,YG-1 EUROPE,1000,20
4100,43,HOFFMANN BRAND,YG-1 EUROPE,1000,20
4100,57,NEW NEUTRAL BRAND,YG-1 EUROPE,1000,20
4100,58,NO BRAND,YG-1 EUROPE,1000,20
4100,86,OTELO BRAND,YG-1 EUROPE,1000,20
4100,87,OTMT BRAND,YG-1 EUROPE,1000,20
4100,98,SARA BRAND,YG-1 EUROPE,1000,20
4100,111,T&O BRAND,YG-1 EUROPE,1000,20
4100,114,UNIMERCO(D),YG-1 EUROPE,1000,20
4100,123,NEW CENTURY BRAND,YG-1 EUROPE,1000,20
4100,130,OPSIAL BRAND,YG-1 EUROPE,1000,20
4100,210,SIX SIGMA,YG-1 EUROPE,1000,20
4100,219,ARNO BRAND,YG-1 EUROPE,1000,20
4100,236,SUNSTEEL,YG-1 EUROPE,1000,20
4100,431,RISS BRAND,YG-1 EUROPE,1000,20
4100,501,UNBRANDED,YG-1 EUROPE,1000,20
4100,512,NEUTRAL BRAND (2025NEW),YG-1 EUROPE,1000,20
4100,520,NACHREINER BRAND,YG-1 EUROPE,1000,20
4200,1,YG BRAND,YG-1 DEUTSCHLAND GMBH,1000,20
4200,2,OEM BRAND,YG-1 DEUTSCHLAND GMBH,1000,20
4200,3,NEUTRAL BRAND,YG-1 DEUTSCHLAND GMBH,1000,20
4200,13,ATORN BRAND,YG-1 DEUTSCHLAND GMBH,1000,20
4200,26,ESSEX BRAND,YG-1 DEUTSCHLAND GMBH,1000,20
4200,41,HHW BRAND,YG-1 DEUTSCHLAND GMBH,1000,20
4200,46,HUFSCHMIED BRAND,YG-1 DEUTSCHLAND GMBH,1000,20
4200,53,MAWEX BRAND,YG-1 DEUTSCHLAND GMBH,1000,20
4200,56,NEW ATORN BRAND,YG-1 DEUTSCHLAND GMBH,1000,20
4200,58,NO BRAND,YG-1 DEUTSCHLAND GMBH,1000,20
4200,84,ORION BRAND,YG-1 DEUTSCHLAND GMBH,1000,20
4200,98,SARA BRAND,YG-1 DEUTSCHLAND GMBH,1000,20
4200,148,MAS BRAND,YG-1 DEUTSCHLAND GMBH,1000,20
4200,501,UNBRANDED,YG-1 DEUTSCHLAND GMBH,1000,20
4300,1,YG BRAND,YG-1 Poland Sp. z o.o.,1000,20
4300,3,NEUTRAL BRAND,YG-1 Poland Sp. z o.o.,1000,20
4300,58,NO BRAND,YG-1 Poland Sp. z o.o.,1000,20
4300,472,YG(YG-1POLAND),YG-1 Poland Sp. z o.o.,1000,20
4300,501,UNBRANDED,YG-1 Poland Sp. z o.o.,1000,20
4400,2,OEM BRAND,CLARKSON OSBORN INTERNATIONAL LTD,1000,20
4400,17,CLARKSON BRAND,CLARKSON OSBORN INTERNATIONAL LTD,1000,20
4400,18,COI CANADA,CLARKSON OSBORN INTERNATIONAL LTD,1000,20
4400,24,EASICUT BRAND,CLARKSON OSBORN INTERNATIONAL LTD,1000,20
4400,58,NO BRAND,CLARKSON OSBORN INTERNATIONAL LTD,1000,20
4400,62,OEM BRAND(2),CLARKSON OSBORN INTERNATIONAL LTD,1000,20
4400,63,OEM BRAND(3),CLARKSON OSBORN INTERNATIONAL LTD,1000,20
4400,85,OSBORN BRAND,CLARKSON OSBORN INTERNATIONAL LTD,1000,20
4400,88,PAN AM BRAND,CLARKSON OSBORN INTERNATIONAL LTD,1000,20
4400,89,PARAGON BRAND,CLARKSON OSBORN INTERNATIONAL LTD,1000,20
4400,113,TPS BRAND,CLARKSON OSBORN INTERNATIONAL LTD,1000,20
4500,2,OEM BRAND,YG-1 Vertriebsgesellschalft Deutsch,1000,20
4600,1,YG BRAND,SCHUMACHER PRECISION TOOLS GMBH,1000,20
4600,2,OEM BRAND,SCHUMACHER PRECISION TOOLS GMBH,1000,20
4600,3,NEUTRAL BRAND,SCHUMACHER PRECISION TOOLS GMBH,1000,20
4600,62,OEM BRAND(2),SCHUMACHER PRECISION TOOLS GMBH,1000,20
4600,63,OEM BRAND(3),SCHUMACHER PRECISION TOOLS GMBH,1000,20
4600,64,OEM BRAND(4),SCHUMACHER PRECISION TOOLS GMBH,1000,20
4600,65,OEM BRAND(5),SCHUMACHER PRECISION TOOLS GMBH,1000,20
4600,66,OEM BRAND(6),SCHUMACHER PRECISION TOOLS GMBH,1000,20
4600,67,OEM BRAND(7),SCHUMACHER PRECISION TOOLS GMBH,1000,20
4600,68,OEM BRAND(8),SCHUMACHER PRECISION TOOLS GMBH,1000,20
4600,69,OEM BRAND(89고객),SCHUMACHER PRECISION TOOLS GMBH,1000,20
4600,70,"OEM BRAND(2680,80고객)",SCHUMACHER PRECISION TOOLS GMBH,1000,20
4600,71,OEM BRAND(11),SCHUMACHER PRECISION TOOLS GMBH,1000,20
4600,72,OEM BRAND(12),SCHUMACHER PRECISION TOOLS GMBH,1000,20
4600,73,OEM BRAND(13),SCHUMACHER PRECISION TOOLS GMBH,1000,20
4600,74,OEM BRAND(2687고객),SCHUMACHER PRECISION TOOLS GMBH,1000,20
4600,75,OEM BRAND(85고객),SCHUMACHER PRECISION TOOLS GMBH,1000,20
4600,76,OEM BRAND(BLANK),SCHUMACHER PRECISION TOOLS GMBH,1000,20
4600,77,OEM BRAND(17),SCHUMACHER PRECISION TOOLS GMBH,1000,20
4600,78,OEM BRAND(18),SCHUMACHER PRECISION TOOLS GMBH,1000,20
4600,79,OEM BRAND(89고객(추가)),SCHUMACHER PRECISION TOOLS GMBH,1000,20
4600,80,OEM BRAND(20),SCHUMACHER PRECISION TOOLS GMBH,1000,20
4600,81,,SCHUMACHER PRECISION TOOLS GMBH,1000,20
4600,82,,SCHUMACHER PRECISION TOOLS GMBH,1000,20
4600,129,OEM BRAND(21),SCHUMACHER PRECISION TOOLS GMBH,1000,20
4600,149,OEM BRAND(37),SCHUMACHER PRECISION TOOLS GMBH,1000,20
4600,150,OEM BRAND(47),SCHUMACHER PRECISION TOOLS GMBH,1000,20
4600,152,OEM BRAND(75고객),SCHUMACHER PRECISION TOOLS GMBH,1000,20
4600,155,OEM BRAND(3090고객),SCHUMACHER PRECISION TOOLS GMBH,1000,20
4600,158,OEM BRAND(90고객),SCHUMACHER PRECISION TOOLS GMBH,1000,20
4600,167,OEM BRAND(92고객),SCHUMACHER PRECISION TOOLS GMBH,1000,20
4600,170,OEM BRAND(48),SCHUMACHER PRECISION TOOLS GMBH,1000,20
4600,177,OEM BRAND(BLANK)(2),SCHUMACHER PRECISION TOOLS GMBH,1000,20
4600,191,OEM BRAND(31),SCHUMACHER PRECISION TOOLS GMBH,1000,20
4600,194,OEM BRAND(24),SCHUMACHER PRECISION TOOLS GMBH,1000,20
4600,203,OEM BRAND(23),SCHUMACHER PRECISION TOOLS GMBH,1000,20
4600,216,OEM BRAND(26),SCHUMACHER PRECISION TOOLS GMBH,1000,20
4600,433,OEM BRAND(96고객),SCHUMACHER PRECISION TOOLS GMBH,1000,20
4600,440,OEM BRAND(81),SCHUMACHER PRECISION TOOLS GMBH,1000,20
4600,500,OEM BRAND(78고객),SCHUMACHER PRECISION TOOLS GMBH,1000,20
4800,1,YG BRAND,Herramientas YG-1,1000,20
4800,3,NEUTRAL BRAND,Herramientas YG-1,1000,20
4900,85,OSBORN BRAND,CLARKSON OSBORN INTERNATIONAL LTD,1000,20
4900,88,PAN AM BRAND,CLARKSON OSBORN INTERNATIONAL LTD,1000,20
5000,1,YG BRAND,YG-1 Technology Center GmbH,1000,20
5000,3,NEUTRAL BRAND,YG-1 Technology Center GmbH,1000,20
5000,522,DT BRAND,YG-1 Technology Center GmbH,1000,20
6000,1,YG BRAND,REGAL CUTTING TOOLS INC.,1000,20
6000,2,OEM BRAND,REGAL CUTTING TOOLS INC.,1000,20
6000,4,NO MARKING,REGAL CUTTING TOOLS INC.,1000,20
6000,38,HERTEL BRAND,REGAL CUTTING TOOLS INC.,1000,20
6000,58,NO BRAND,REGAL CUTTING TOOLS INC.,1000,20
6000,402,NYTD BRAND,REGAL CUTTING TOOLS INC.,1000,20
6000,404,DORMER BRAND,REGAL CUTTING TOOLS INC.,1000,20
6000,513,NYTD BRAND(MRO),REGAL CUTTING TOOLS INC.,1000,20
6100,1,YG BRAND,MINICUT INTERNATIONAL INC.,1000,20
6100,2,OEM BRAND,MINICUT INTERNATIONAL INC.,1000,20
6100,4,NO MARKING,MINICUT INTERNATIONAL INC.,1000,20
6100,58,NO BRAND,MINICUT INTERNATIONAL INC.,1000,20
6100,223,OEM(BOEING),MINICUT INTERNATIONAL INC.,1000,20
6100,224,OEM(NORTHROP),MINICUT INTERNATIONAL INC.,1000,20
6100,225,OEM(D*00 SERIES),MINICUT INTERNATIONAL INC.,1000,20
6100,233,WAVE CUT BRAND,MINICUT INTERNATIONAL INC.,1000,20
6100,234,MINICUT(APOLLO),MINICUT INTERNATIONAL INC.,1000,20
6100,488,MINICUT(PRATT&WHITNEY),MINICUT INTERNATIONAL INC.,1000,20
6200,1,YG BRAND,"PREMIER CUTTING TOOLS, INC.",1000,20
6200,2,OEM BRAND,"PREMIER CUTTING TOOLS, INC.",1000,20
6200,4,NO MARKING,"PREMIER CUTTING TOOLS, INC.",1000,20
6200,96,REGAL BRAND,"PREMIER CUTTING TOOLS, INC.",1000,20
6300,0,,YG-1 America(S),1000,20
6300,1,YG BRAND,YG-1 America(S),1000,20
6300,2,OEM BRAND,YG-1 America(S),1000,20
6300,3,NEUTRAL BRAND,YG-1 America(S),1000,20
6300,4,NO MARKING,YG-1 America(S),1000,20
6300,58,NO BRAND,YG-1 America(S),1000,20
6300,105,SLT BRAND,YG-1 America(S),1000,20
6300,223,OEM(BOEING),YG-1 America(S),1000,20
6300,224,OEM(NORTHROP),YG-1 America(S),1000,20
6300,233,WAVE CUT BRAND,YG-1 America(S),1000,20
6300,429,ORCHID BRAND,YG-1 America(S),1000,20
6300,449,HANWHA,YG-1 America(S),1000,20
6300,451,TUFFY BRAND,YG-1 America(S),1000,20
6300,474,ECO BRAND,YG-1 America(S),1000,20
6300,485,YGBASIX BRAND,YG-1 America(S),1000,20
6300,501,UNBRANDED,YG-1 America(S),1000,20
6300,523,YG BRAND_PRICE,YG-1 America(S),1000,20
6400,1,YG BRAND,YG-1 CANADA INC.,1000,20
6400,2,OEM BRAND,YG-1 CANADA INC.,1000,20
6400,3,NEUTRAL BRAND,YG-1 CANADA INC.,1000,20
6400,4,NO MARKING,YG-1 CANADA INC.,1000,20
6400,58,NO BRAND,YG-1 CANADA INC.,1000,20
6400,120,YG BRAND(EAGLE),YG-1 CANADA INC.,1000,20
6400,121,YG BRAND(KAR),YG-1 CANADA INC.,1000,20
6400,171,YG BRAND(SKINNER),YG-1 CANADA INC.,1000,20
6400,223,OEM(BOEING),YG-1 CANADA INC.,1000,20
6400,224,OEM(NORTHROP),YG-1 CANADA INC.,1000,20
6400,233,WAVE CUT BRAND,YG-1 CANADA INC.,1000,20
6400,234,MINICUT(APOLLO),YG-1 CANADA INC.,1000,20
6400,485,YGBASIX BRAND,YG-1 CANADA INC.,1000,20
6400,488,MINICUT(PRATT&WHITNEY),YG-1 CANADA INC.,1000,20
6400,515,YG BRAND(MHI),YG-1 CANADA INC.,1000,20
6400,516,YG(MECACHROME),YG-1 CANADA INC.,1000,20
6400,517,YG BRAND(FASTENAL SONACA),YG-1 CANADA INC.,1000,20
6500,1,YG BRAND,YG-1 America Inc,1000,20
6500,2,OEM BRAND,YG-1 America Inc,1000,20
6500,4,NO MARKING,YG-1 America Inc,1000,20
6500,58,NO BRAND,YG-1 America Inc,1000,20
6500,223,OEM(BOEING),YG-1 America Inc,1000,20
6500,224,OEM(NORTHROP),YG-1 America Inc,1000,20
6500,233,WAVE CUT BRAND,YG-1 America Inc,1000,20
6500,488,MINICUT(PRATT&WHITNEY),YG-1 America Inc,1000,20
6500,496,GULFSTREAM,YG-1 America Inc,1000,20
6500,499,LOCKHEED MARTIN,YG-1 America Inc,1000,20
6500,501,UNBRANDED,YG-1 America Inc,1000,20
6600,1,YG BRAND,YG-1 America,1000,20
6600,2,OEM BRAND,YG-1 America,1000,20
6600,4,NO MARKING,YG-1 America,1000,20
6600,83,OEM-GRINDING,YG-1 America,1000,20
6600,90,POWER COIL BRAND,YG-1 America,1000,20
6600,105,SLT BRAND,YG-1 America,1000,20
6800,1,YG BRAND,YG 1 KESICI TAKIMLAR SAN.VE TIC.LTD,1000,20
6800,3,NEUTRAL BRAND,YG 1 KESICI TAKIMLAR SAN.VE TIC.LTD,1000,20
6800,58,NO BRAND,YG 1 KESICI TAKIMLAR SAN.VE TIC.LTD,1000,20
6800,123,NEW CENTURY BRAND,YG 1 KESICI TAKIMLAR SAN.VE TIC.LTD,1000,20
6800,501,UNBRANDED,YG 1 KESICI TAKIMLAR SAN.VE TIC.LTD,1000,20
6900,1,YG BRAND,(Not used)REGAL CUTTING TOOLS INC.,1000,20
6900,2,OEM BRAND,(Not used)REGAL CUTTING TOOLS INC.,1000,20
6900,83,OEM-GRINDING,(Not used)REGAL CUTTING TOOLS INC.,1000,20
6900,90,POWER COIL BRAND,(Not used)REGAL CUTTING TOOLS INC.,1000,20
6900,105,SLT BRAND,(Not used)REGAL CUTTING TOOLS INC.,1000,20
7000,1,YG BRAND,YG-1 AUSTRALIA PTY. LTD.,1000,20
7000,2,OEM BRAND,YG-1 AUSTRALIA PTY. LTD.,1000,20
7000,3,NEUTRAL BRAND,YG-1 AUSTRALIA PTY. LTD.,1000,20
7000,4,NO MARKING,YG-1 AUSTRALIA PTY. LTD.,1000,20
7000,9,ALCOA BRAND,YG-1 AUSTRALIA PTY. LTD.,1000,20
7000,16,BORDO BRAND,YG-1 AUSTRALIA PTY. LTD.,1000,20
7000,246,BORDO BRAND(FOX&GUNN),YG-1 AUSTRALIA PTY. LTD.,1000,20
7000,247,YG BRAND(DHL),YG-1 AUSTRALIA PTY. LTD.,1000,20
7000,486,BORDO BRAND(PACKAGE),YG-1 AUSTRALIA PTY. LTD.,1000,20
7000,501,UNBRANDED,YG-1 AUSTRALIA PTY. LTD.,1000,20
7000,503,BORDO BRAND(CLAMSELL&SET),YG-1 AUSTRALIA PTY. LTD.,1000,20
7100,1,YG BRAND,YG-1 Brasil LTDA.,1000,20
7100,2,OEM BRAND,YG-1 Brasil LTDA.,1000,20
7100,3,NEUTRAL BRAND,YG-1 Brasil LTDA.,1000,20
7100,4,NO MARKING,YG-1 Brasil LTDA.,1000,20
7100,10,ANDRAF BRAND,YG-1 Brasil LTDA.,1000,20
7100,58,NO BRAND,YG-1 Brasil LTDA.,1000,20
7100,94,QUALICUT BRAND,YG-1 Brasil LTDA.,1000,20
7100,107,SPEED CUT BRAND,YG-1 Brasil LTDA.,1000,20
7100,123,NEW CENTURY BRAND,YG-1 Brasil LTDA.,1000,20
7100,125,FVM BRAND,YG-1 Brasil LTDA.,1000,20
7100,126,INDACO,YG-1 Brasil LTDA.,1000,20
7100,232,YG(EMBRAER),YG-1 Brasil LTDA.,1000,20
7100,501,UNBRANDED,YG-1 Brasil LTDA.,1000,20
7100,505,YG BRAND(EXCO),YG-1 Brasil LTDA.,1000,20
7400,1,YG BRAND,"YG-1 RUS., LLC",1000,20
7400,3,NEUTRAL BRAND,"YG-1 RUS., LLC",1000,20
7400,123,NEW CENTURY BRAND,"YG-1 RUS., LLC",1000,20
7400,501,UNBRANDED,"YG-1 RUS., LLC",1000,20
8000,1,YG BRAND,YG-1 INDIA PRIVATE LIMITED,1000,20
8000,4,NO MARKING,YG-1 INDIA PRIVATE LIMITED,1000,20
21000,436,UNICORN BRAND,,1000,20
21000,459,HYDRA BRAND,,1000,20
90001,1,YG BRAND,㈜YG1 GLC,1000,20
100156,1,YG BRAND,A.F HUSAIN L.L.C.,1000,20
100156,2,OEM BRAND,A.F HUSAIN L.L.C.,1000,20
100156,3,NEUTRAL BRAND,A.F HUSAIN L.L.C.,1000,20
100157,1,YG BRAND,AMAYA,1000,20
100157,2,OEM BRAND,AMAYA,1000,20
100157,4,NO MARKING,AMAYA,1000,20
100157,7,"A-16, F10",AMAYA,1000,20
100158,1,YG BRAND,"ARNOLD TRADING CO., LTD.",1000,20
100158,58,NO BRAND,"ARNOLD TRADING CO., LTD.",1000,20
100159,2,OEM BRAND,BARNES DISTRIBUTION,1000,20
100159,3,NEUTRAL BRAND,BARNES DISTRIBUTION,1000,20
100160,2,OEM BRAND,"BESLY CUTTING TOOLS, INC.",1000,20
100161,1,YG BRAND,BFT BURZONI S.R.L.,1000,20
100161,2,OEM BRAND,BFT BURZONI S.R.L.,1000,20
100161,3,NEUTRAL BRAND,BFT BURZONI S.R.L.,1000,20
100161,4,NO MARKING,BFT BURZONI S.R.L.,1000,20
100161,512,NEUTRAL BRAND (2025NEW),BFT BURZONI S.R.L.,1000,20
100162,1,YG BRAND,BHARAT DYNAMICS LIMITED,1000,20
100163,1,YG BRAND,Brütsch / Rüegger Tools Ltd.,1000,20
100163,2,OEM BRAND,Brütsch / Rüegger Tools Ltd.,1000,20
100163,3,NEUTRAL BRAND,Brütsch / Rüegger Tools Ltd.,1000,20
100163,437,FORFINE BRAND,Brütsch / Rüegger Tools Ltd.,1000,20
100163,473,NERIOX BRAND,Brütsch / Rüegger Tools Ltd.,1000,20
100163,501,UNBRANDED,Brütsch / Rüegger Tools Ltd.,1000,20
100164,33,GARANT BRAND,BUFFER STOCK(HOFFMANN),1000,20
100164,44,HOLEX BRAND,BUFFER STOCK(HOFFMANN),1000,20
100165,1,YG BRAND,C G U SRL,1000,20
100165,2,OEM BRAND,C G U SRL,1000,20
100165,3,NEUTRAL BRAND,C G U SRL,1000,20
100165,19,CORAI,C G U SRL,1000,20
100165,54,MAZEL BRAND,C G U SRL,1000,20
100165,60,NPT BRAND,C G U SRL,1000,20
100166,1,YG BRAND,INGERSOLL TAEGUTEC ITALIA SRL,1000,20
100166,2,OEM BRAND,INGERSOLL TAEGUTEC ITALIA SRL,1000,20
100166,3,NEUTRAL BRAND,INGERSOLL TAEGUTEC ITALIA SRL,1000,20
100166,4,NO MARKING,INGERSOLL TAEGUTEC ITALIA SRL,1000,20
100167,2,OEM BRAND,CELESA S.A.,1000,20
100167,3,NEUTRAL BRAND,CELESA S.A.,1000,20
100167,58,NO BRAND,CELESA S.A.,1000,20
100168,1,YG BRAND,CELMAR COMERCIAL E IMPORTADORA LTDA,1000,20
100168,94,QUALICUT BRAND,CELMAR COMERCIAL E IMPORTADORA LTDA,1000,20
100169,1,YG BRAND,Camporiondo Nord,1000,20
100169,4,NO MARKING,Camporiondo Nord,1000,20
100170,1,YG BRAND,CM TOOLS S.R.L,1000,20
100170,4,NO MARKING,CM TOOLS S.R.L,1000,20
100171,1,YG BRAND,CROMWELL TOOLS LTD,1000,20
100171,2,OEM BRAND,CROMWELL TOOLS LTD,1000,20
100171,49,KENNEDY BRAND,CROMWELL TOOLS LTD,1000,20
100171,103,SHERWOOD BRAND,CROMWELL TOOLS LTD,1000,20
100171,401,SWISSTECH BRAND,CROMWELL TOOLS LTD,1000,20
100172,1,YG BRAND,CUTWEL LIMITED,1000,20
100173,1,YG BRAND,"DAC LOC CO.,LTD.",1000,20
100174,1,YG BRAND,DEMIRAL MAKINA LTD. STI.,1000,20
100174,2,OEM BRAND,DEMIRAL MAKINA LTD. STI.,1000,20
100174,3,NEUTRAL BRAND,DEMIRAL MAKINA LTD. STI.,1000,20
100175,2,OEM BRAND,"DHF.NT Precision Tool Co.,Ltd.",1000,20
100175,4,NO MARKING,"DHF.NT Precision Tool Co.,Ltd.",1000,20
100175,22,DHF.NT,"DHF.NT Precision Tool Co.,Ltd.",1000,20
100175,457,SPEED LEOPARD,"DHF.NT Precision Tool Co.,Ltd.",1000,20
100176,1,YG BRAND,DICHTA SRL,1000,20
100176,2,OEM BRAND,DICHTA SRL,1000,20
100177,2,OEM BRAND,DORMER ITALIA S.P.A.,1000,20
100178,1,YG BRAND,DRESS WERKZEUGE HENTSCHKE GMBH + CO,1000,20
100178,2,OEM BRAND,DRESS WERKZEUGE HENTSCHKE GMBH + CO,1000,20
100178,3,NEUTRAL BRAND,DRESS WERKZEUGE HENTSCHKE GMBH + CO,1000,20
100178,25,ELMER BRAND,DRESS WERKZEUGE HENTSCHKE GMBH + CO,1000,20
100178,58,NO BRAND,DRESS WERKZEUGE HENTSCHKE GMBH + CO,1000,20
100178,475,OEM(DRESS SIZE),DRESS WERKZEUGE HENTSCHKE GMBH + CO,1000,20
100178,498,TOPMAX BRAND,DRESS WERKZEUGE HENTSCHKE GMBH + CO,1000,20
100178,524,ALUSMART,DRESS WERKZEUGE HENTSCHKE GMBH + CO,1000,20
100179,14,BENTLEY BRAND,DRILLCO INC,1000,20
100180,2,OEM BRAND,DURA TOOLS SDN. BHD.,1000,20
100180,58,NO BRAND,DURA TOOLS SDN. BHD.,1000,20
100181,2,OEM BRAND,DURAMILL INDUSTRIAL SUPPLIES INC.,1000,20
100182,1,YG BRAND,ECKERLE & ERTEL GMBH,1000,20
100182,2,OEM BRAND,ECKERLE & ERTEL GMBH,1000,20
100183,1,YG BRAND,EDECO TOOL AB,1000,20
100183,2,OEM BRAND,EDECO TOOL AB,1000,20
100183,3,NEUTRAL BRAND,EDECO TOOL AB,1000,20
100184,1,YG BRAND,Einkaufsbuero Deutscher Eisenhaendl,1000,20
100184,2,OEM BRAND,Einkaufsbuero Deutscher Eisenhaendl,1000,20
100184,3,NEUTRAL BRAND,Einkaufsbuero Deutscher Eisenhaendl,1000,20
100184,30,FORMAT BRAND,Einkaufsbuero Deutscher Eisenhaendl,1000,20
100184,31,FORUM BRAND,Einkaufsbuero Deutscher Eisenhaendl,1000,20
100184,62,OEM BRAND(2),Einkaufsbuero Deutscher Eisenhaendl,1000,20
100184,437,FORFINE BRAND,Einkaufsbuero Deutscher Eisenhaendl,1000,20
100185,1,YG BRAND,FANA Int'L Trading F.Z.C,1000,20
100185,2,OEM BRAND,FANA Int'L Trading F.Z.C,1000,20
100185,3,NEUTRAL BRAND,FANA Int'L Trading F.Z.C,1000,20
100186,1,YG BRAND,FASTENAL COMPANY PURCHASING,1000,20
100186,2,OEM BRAND,FASTENAL COMPANY PURCHASING,1000,20
100187,1,YG BRAND,FERRETERIA UNCETA S.A.,1000,20
100187,2,OEM BRAND,FERRETERIA UNCETA S.A.,1000,20
100187,3,NEUTRAL BRAND,FERRETERIA UNCETA S.A.,1000,20
100187,4,NO MARKING,FERRETERIA UNCETA S.A.,1000,20
100187,21,CORAI NEUTRAL,FERRETERIA UNCETA S.A.,1000,20
100187,62,OEM BRAND(2),FERRETERIA UNCETA S.A.,1000,20
100187,430,STD BRAND,FERRETERIA UNCETA S.A.,1000,20
100188,1,YG BRAND,LMT FETTE WERKZEUGTECHNIK GMBH & CO,1000,20
100188,2,OEM BRAND,LMT FETTE WERKZEUGTECHNIK GMBH & CO,1000,20
100188,4,NO MARKING,LMT FETTE WERKZEUGTECHNIK GMBH & CO,1000,20
100189,1,YG BRAND,"FEY CHE TRADING CO., LTD.",1000,20
100189,4,NO MARKING,"FEY CHE TRADING CO., LTD.",1000,20
100189,5,OTHER PACKING,"FEY CHE TRADING CO., LTD.",1000,20
100189,29,FCT BRAND,"FEY CHE TRADING CO., LTD.",1000,20
100189,58,NO BRAND,"FEY CHE TRADING CO., LTD.",1000,20
100189,102,"SHANGHAI, FCT BRAND","FEY CHE TRADING CO., LTD.",1000,20
100189,145,FEYCHE(YG) BRAND,"FEY CHE TRADING CO., LTD.",1000,20
100189,493,"VIETNAM, FCT BRAND","FEY CHE TRADING CO., LTD.",1000,20
100190,2,OEM BRAND,FR RAMSTROM AB,1000,20
100191,2,OEM BRAND,FRAISA SA,1000,20
100191,58,NO BRAND,FRAISA SA,1000,20
100192,2,OEM BRAND,G-ELIT PRAZISIONSWERKZEUGE GMBH,1000,20
100192,3,NEUTRAL BRAND,G-ELIT PRAZISIONSWERKZEUGE GMBH,1000,20
100192,4,NO MARKING,G-ELIT PRAZISIONSWERKZEUGE GMBH,1000,20
100192,62,OEM BRAND(2),G-ELIT PRAZISIONSWERKZEUGE GMBH,1000,20
100193,1,YG BRAND,GEMAR S.R.L.,1000,20
100194,1,YG BRAND,YG-1 ITALY,1000,20
100194,3,NEUTRAL BRAND,YG-1 ITALY,1000,20
100194,21,CORAI NEUTRAL,YG-1 ITALY,1000,20
100194,58,NO BRAND,YG-1 ITALY,1000,20
100195,2,OEM BRAND,GP SYSTEM(SINGAPORE) PTE LTD.,1000,20
100195,58,NO BRAND,GP SYSTEM(SINGAPORE) PTE LTD.,1000,20
100196,1,YG BRAND,GRUMANT S.R.O.,1000,20
100196,3,NEUTRAL BRAND,GRUMANT S.R.O.,1000,20
100197,2,OEM BRAND,GUEHRING OHG,1000,20
100198,2,OEM BRAND,"HANDGOOD MACHINE TOOL CO.,LTD.",1000,20
100199,1,YG BRAND,HANITA METAL WORKS LTD.,1000,20
100199,2,OEM BRAND,HANITA METAL WORKS LTD.,1000,20
100199,4,NO MARKING,HANITA METAL WORKS LTD.,1000,20
100200,1,YG BRAND,HERRATEC - S.A.S.,1000,20
100201,1,YG BRAND,Hoffmann Supply Chain GmbH & Co. KG,1000,20
100201,2,OEM BRAND,Hoffmann Supply Chain GmbH & Co. KG,1000,20
100201,3,NEUTRAL BRAND,Hoffmann Supply Chain GmbH & Co. KG,1000,20
100201,33,GARANT BRAND,Hoffmann Supply Chain GmbH & Co. KG,1000,20
100201,42,HO BRAND,Hoffmann Supply Chain GmbH & Co. KG,1000,20
100201,44,HOLEX BRAND,Hoffmann Supply Chain GmbH & Co. KG,1000,20
100201,501,UNBRANDED,Hoffmann Supply Chain GmbH & Co. KG,1000,20
100202,1,YG BRAND,IMATEC,1000,20
100202,2,OEM BRAND,IMATEC,1000,20
100202,91,POWER CUT BRAND,IMATEC,1000,20
100203,2,OEM BRAND,INGERSOLL CUTTING TOOL COMPANY,1000,20
100204,4,NO MARKING,INGERSOLL WERKZEUGE GMBH,1000,20
100205,1,YG BRAND,INSUMOS DIB S.R.L.,1000,20
100206,2,OEM BRAND,"INTERTOOL TECHNOLOGIES CO., LTD.",1000,20
100207,1,YG BRAND,ISCAR HUNGARY KFT.,1000,20
100207,4,NO MARKING,ISCAR HUNGARY KFT.,1000,20
100208,2,OEM BRAND,ISCAR LTD.,1000,20
100208,3,NEUTRAL BRAND,ISCAR LTD.,1000,20
100208,4,NO MARKING,ISCAR LTD.,1000,20
100208,21,CORAI NEUTRAL,ISCAR LTD.,1000,20
100208,62,OEM BRAND(2),ISCAR LTD.,1000,20
100208,221,ISCAR OLD YOURCODE,ISCAR LTD.,1000,20
100208,462,OEM(USD) BRAND,ISCAR LTD.,1000,20
100209,1,YG BRAND,J & L INDUSTRIAL SUPPLY CO. INC.,1000,20
100209,2,OEM BRAND,J & L INDUSTRIAL SUPPLY CO. INC.,1000,20
100209,38,HERTEL BRAND,J & L INDUSTRIAL SUPPLY CO. INC.,1000,20
100210,1,YG BRAND,"JILIN HENGFENG NC TOOLING CO.,LTD",1000,20
100211,1,YG BRAND,K J VAERKTOJ AS/ISCAR DENMARK,1000,20
100211,2,OEM BRAND,K J VAERKTOJ AS/ISCAR DENMARK,1000,20
100212,1,YG BRAND,KARL-HEINZ ARNOLD GMBH,1000,20
100212,2,OEM BRAND,KARL-HEINZ ARNOLD GMBH,1000,20
100212,3,NEUTRAL BRAND,KARL-HEINZ ARNOLD GMBH,1000,20
100212,28,F-BRAND,KARL-HEINZ ARNOLD GMBH,1000,20
100212,47,I-BRAND,KARL-HEINZ ARNOLD GMBH,1000,20
100212,62,OEM BRAND(2),KARL-HEINZ ARNOLD GMBH,1000,20
100212,95,R-BRAND,KARL-HEINZ ARNOLD GMBH,1000,20
100213,50,KETER BRAND,Keter Comerial e Importadora Ltda.,1000,20
100214,1,YG BRAND,"KITPIBOON IMPORT LTD., PART.",1000,20
100214,2,OEM BRAND,"KITPIBOON IMPORT LTD., PART.",1000,20
100215,2,OEM BRAND,KL,1000,20
100215,93,PUTNAM BRAND,KL,1000,20
100216,1,YG BRAND,KOMET GROUP GmbH,1000,20
100216,2,OEM BRAND,KOMET GROUP GmbH,1000,20
100217,1,YG BRAND,MESCO INC.,1000,20
100218,1,YG BRAND,METALL KOFLER GESELLSCHAFT M.B.H.,1000,20
100218,501,UNBRANDED,METALL KOFLER GESELLSCHAFT M.B.H.,1000,20
100219,1,YG BRAND,MIRANDA TOOLS,1000,20
100219,4,NO MARKING,MIRANDA TOOLS,1000,20
100220,1,YG BRAND,MURAT RULMAN SAN.TIC.MURAT OKSUZ,1000,20
100220,2,OEM BRAND,MURAT RULMAN SAN.TIC.MURAT OKSUZ,1000,20
100221,1,YG BRAND,N.HASSANALI IMPEX,1000,20
100222,1,YG BRAND,NEW WELL INT'L METALWARE LTD.,1000,20
100222,3,NEUTRAL BRAND,NEW WELL INT'L METALWARE LTD.,1000,20
100222,4,NO MARKING,NEW WELL INT'L METALWARE LTD.,1000,20
100222,5,OTHER PACKING,NEW WELL INT'L METALWARE LTD.,1000,20
100222,11,ANTIQUE BRAND,NEW WELL INT'L METALWARE LTD.,1000,20
100222,37,HART BRAND,NEW WELL INT'L METALWARE LTD.,1000,20
100222,51,LBK BRAND,NEW WELL INT'L METALWARE LTD.,1000,20
100222,58,NO BRAND,NEW WELL INT'L METALWARE LTD.,1000,20
100222,133,SDI BRAND,NEW WELL INT'L METALWARE LTD.,1000,20
100222,207,OTA BRAND,NEW WELL INT'L METALWARE LTD.,1000,20
100222,217,SOLAX BRAND,NEW WELL INT'L METALWARE LTD.,1000,20
100223,1,YG BRAND,NEWALL TOOLS,1000,20
100223,2,OEM BRAND,NEWALL TOOLS,1000,20
100224,2,OEM BRAND,NPT S.R.L,1000,20
100224,3,NEUTRAL BRAND,NPT S.R.L,1000,20
100225,1,YG BRAND,P.S.C. Cutting Tools Center Co.Ltd.,1000,20
100225,2,OEM BRAND,P.S.C. Cutting Tools Center Co.Ltd.,1000,20
100226,85,OSBORN BRAND,P.T. IKIMURA INDOTOOLS CENTER,1000,20
100227,1,YG BRAND,PAMTON LIMITED,1000,20
100227,4,NO MARKING,PAMTON LIMITED,1000,20
100227,99,SCHNELL BRAND,PAMTON LIMITED,1000,20
100228,1,YG BRAND,"PHILOS TECHNOLOGIES, INC.",1000,20
100228,3,NEUTRAL BRAND,"PHILOS TECHNOLOGIES, INC.",1000,20
100229,1,YG BRAND,Prealpina S.r.l.,1000,20
100229,2,OEM BRAND,Prealpina S.r.l.,1000,20
100229,3,NEUTRAL BRAND,Prealpina S.r.l.,1000,20
100229,501,UNBRANDED,Prealpina S.r.l.,1000,20
100230,1,YG BRAND,PRECISION CUTTING TOOLS INC.,1000,20
100230,2,OEM BRAND,PRECISION CUTTING TOOLS INC.,1000,20
100231,1,YG BRAND,PRECISION DIE & TOOLS MFG COMPANY,1000,20
100232,1,YG BRAND,PRIVATE TOOLS INTERNATIONAL B.V.,1000,20
100232,3,NEUTRAL BRAND,PRIVATE TOOLS INTERNATIONAL B.V.,1000,20
100232,58,NO BRAND,PRIVATE TOOLS INTERNATIONAL B.V.,1000,20
100233,2,OEM BRAND,PTSolutions,1000,20
100233,4,NO MARKING,PTSolutions,1000,20
100233,212,PREMIER HP BRAND,PTSolutions,1000,20
100233,213,PRO CUT II BRAND,PTSolutions,1000,20
100233,214,RAPIDKUT BRAND,PTSolutions,1000,20
100233,215,PRO CUT BRAND,PTSolutions,1000,20
100234,118,YAMA BRAND,PT. YAKIN MAJU SENTOSA,1000,20
100235,2,OEM BRAND,PTG PRAEZISIONS-TECHNIK,1000,20
100235,3,NEUTRAL BRAND,PTG PRAEZISIONS-TECHNIK,1000,20
100236,1,YG BRAND,MISUMI CORPORATION,1000,20
100236,4,NO MARKING,MISUMI CORPORATION,1000,20
100236,15,BLANKS,MISUMI CORPORATION,1000,20
100236,55,MISUMI BRAND,MISUMI CORPORATION,1000,20
100237,1,YG BRAND,REBEL LTDA.,1000,20
100238,2,OEM BRAND,RISS,1000,20
100239,1,YG BRAND,ROTOOL AB,1000,20
100240,1,YG BRAND,"RUTLAND TOOL AND SUPPLY, INC.",1000,20
100240,2,OEM BRAND,"RUTLAND TOOL AND SUPPLY, INC.",1000,20
100241,1,YG BRAND,S.v.BASSEWITZ GMBH & CO.KG,1000,20
100241,2,OEM BRAND,S.v.BASSEWITZ GMBH & CO.KG,1000,20
100242,4,NO MARKING,SAMO TOOLS SRL,1000,20
100243,1,YG BRAND,Sandvik Tooling Deutschland GmbH Gü,1000,20
100243,2,OEM BRAND,Sandvik Tooling Deutschland GmbH Gü,1000,20
100243,3,NEUTRAL BRAND,Sandvik Tooling Deutschland GmbH Gü,1000,20
100243,4,NO MARKING,Sandvik Tooling Deutschland GmbH Gü,1000,20
100244,1,YG BRAND,"NEW SANKYO TOOL CO., LTD",1000,20
100244,2,OEM BRAND,"NEW SANKYO TOOL CO., LTD",1000,20
100244,4,NO MARKING,"NEW SANKYO TOOL CO., LTD",1000,20
100244,43,HOFFMANN BRAND,"NEW SANKYO TOOL CO., LTD",1000,20
100244,55,MISUMI BRAND,"NEW SANKYO TOOL CO., LTD",1000,20
100244,231,KKK BRAND,"NEW SANKYO TOOL CO., LTD",1000,20
100244,242,ESRA BRAND,"NEW SANKYO TOOL CO., LTD",1000,20
100244,407,SRA-OEM,"NEW SANKYO TOOL CO., LTD",1000,20
100244,408,SRA-A,"NEW SANKYO TOOL CO., LTD",1000,20
100244,409,SRA-B,"NEW SANKYO TOOL CO., LTD",1000,20
100244,413,NORMAL-GS,"NEW SANKYO TOOL CO., LTD",1000,20
100244,426,FUKUDA,"NEW SANKYO TOOL CO., LTD",1000,20
100244,441,FUJI BC BRAND,"NEW SANKYO TOOL CO., LTD",1000,20
100245,1,YG BRAND,Seinen,1000,20
100246,1,YG BRAND,SEMAF FOR TRADE,1000,20
100247,1,YG BRAND,SETH CUTTING TOOLS,1000,20
100247,2,OEM BRAND,SETH CUTTING TOOLS,1000,20
100248,1,YG BRAND,SHANGHAI MEITAIQI INTERNATIONAL TRA,1000,20
100248,4,NO MARKING,SHANGHAI MEITAIQI INTERNATIONAL TRA,1000,20
100249,2,OEM BRAND,"SID TOOL CO., INC.",1000,20
100249,4,NO MARKING,"SID TOOL CO., INC.",1000,20
100249,38,HERTEL BRAND,"SID TOOL CO., INC.",1000,20
100249,127,INTERSTATE,"SID TOOL CO., INC.",1000,20
100249,205,ACCUPRO BRAND,"SID TOOL CO., INC.",1000,20
100249,428,CLASS C SOLUTIONS GROUP,"SID TOOL CO., INC.",1000,20
100249,501,UNBRANDED,"SID TOOL CO., INC.",1000,20
100250,1,YG BRAND,SKIF-M indexable milling tools.,1000,20
100250,2,OEM BRAND,SKIF-M indexable milling tools.,1000,20
100251,3,NEUTRAL BRAND,SOCIETE OTELO,1000,20
100251,58,NO BRAND,SOCIETE OTELO,1000,20
100251,86,OTELO BRAND,SOCIETE OTELO,1000,20
100251,87,OTMT BRAND,SOCIETE OTELO,1000,20
100251,111,T&O BRAND,SOCIETE OTELO,1000,20
100251,159,ASTRA BRAND,SOCIETE OTELO,1000,20
100251,160,ASTRAFLY BRAND,SOCIETE OTELO,1000,20
100251,161,VADIUM BRAND,SOCIETE OTELO,1000,20
100251,162,RECORVIT BRAND,SOCIETE OTELO,1000,20
100251,163,FANOCARB BRAND,SOCIETE OTELO,1000,20
100251,164,SUPERCEED BRAND,SOCIETE OTELO,1000,20
100251,165,XMAX BRAND,SOCIETE OTELO,1000,20
100251,501,UNBRANDED,SOCIETE OTELO,1000,20
100252,1,YG BRAND,SORMA S.P.A.,1000,20
100252,2,OEM BRAND,SORMA S.P.A.,1000,20
100252,3,NEUTRAL BRAND,SORMA S.P.A.,1000,20
100252,62,OEM BRAND(2),SORMA S.P.A.,1000,20
100253,1,YG BRAND,SOWA INT'L TOOL & MACHINE SRL,1000,20
100253,92,PSL BRAND,SOWA INT'L TOOL & MACHINE SRL,1000,20
100253,106,SOWA BRAND,SOWA INT'L TOOL & MACHINE SRL,1000,20
100254,1,YG BRAND,SOWA TOOL AND MACHINE COMPANY,1000,20
100254,2,OEM BRAND,SOWA TOOL AND MACHINE COMPANY,1000,20
100254,8,ACCUPRO BRAND,SOWA TOOL AND MACHINE COMPANY,1000,20
100254,106,SOWA BRAND,SOWA TOOL AND MACHINE COMPANY,1000,20
100254,521,GS TOOLING,SOWA TOOL AND MACHINE COMPANY,1000,20
100255,1,YG BRAND,SPIRAL-WERKZEUGE-MASCHINEN,1000,20
100255,2,OEM BRAND,SPIRAL-WERKZEUGE-MASCHINEN,1000,20
100256,4,NO MARKING,ST TOOLS S.R.L.,1000,20
100257,1,YG BRAND,STARPOINT INC.,1000,20
100257,3,NEUTRAL BRAND,STARPOINT INC.,1000,20
100257,4,NO MARKING,STARPOINT INC.,1000,20
100257,27,EUROPA BRAND,STARPOINT INC.,1000,20
100257,32,G.H.T,STARPOINT INC.,1000,20
100257,58,NO BRAND,STARPOINT INC.,1000,20
100257,59,NO MARKING(REGAL),STARPOINT INC.,1000,20
100257,96,REGAL BRAND,STARPOINT INC.,1000,20
100257,97,S=A=P BRAND,STARPOINT INC.,1000,20
100258,1,YG BRAND,"SUN JOINT TOOL CO., LTD",1000,20
100258,4,NO MARKING,"SUN JOINT TOOL CO., LTD",1000,20
100258,27,EUROPA BRAND,"SUN JOINT TOOL CO., LTD",1000,20
100258,58,NO BRAND,"SUN JOINT TOOL CO., LTD",1000,20
100259,1,YG BRAND,SUPERA S.R.L,1000,20
100259,3,NEUTRAL BRAND,SUPERA S.R.L,1000,20
100259,4,NO MARKING,SUPERA S.R.L,1000,20
100260,1,YG BRAND,"T. CHATANI AND CO., LTD.",1000,20
100261,1,YG BRAND,TECNICA SRL,1000,20
100261,3,NEUTRAL BRAND,TECNICA SRL,1000,20
100261,4,NO MARKING,TECNICA SRL,1000,20
100262,1,YG BRAND,TEKNO TAKIM MAKINA VE KES,1000,20
100262,2,OEM BRAND,TEKNO TAKIM MAKINA VE KES,1000,20
100262,3,NEUTRAL BRAND,TEKNO TAKIM MAKINA VE KES,1000,20
100262,58,NO BRAND,TEKNO TAKIM MAKINA VE KES,1000,20
100262,123,NEW CENTURY BRAND,TEKNO TAKIM MAKINA VE KES,1000,20
100263,2,OEM BRAND,THE GEORGE WHALLEY COMPANY,1000,20
100264,1,YG BRAND,TIZ IMPLEMENTS SP. Z.O.O.,1000,20
100264,2,OEM BRAND,TIZ IMPLEMENTS SP. Z.O.O.,1000,20
100264,3,NEUTRAL BRAND,TIZ IMPLEMENTS SP. Z.O.O.,1000,20
100264,4,NO MARKING,TIZ IMPLEMENTS SP. Z.O.O.,1000,20
100264,501,UNBRANDED,TIZ IMPLEMENTS SP. Z.O.O.,1000,20
100265,1,YG BRAND,TRAVERS TOOL CO. INC.,1000,20
100265,2,OEM BRAND,TRAVERS TOOL CO. INC.,1000,20
100266,1,YG BRAND,"TTI PRAHA NARADI, S.R.O.",1000,20
100266,2,OEM BRAND,"TTI PRAHA NARADI, S.R.O.",1000,20
100267,1,YG BRAND,UNIMERCO A/S,1000,20
100267,2,OEM BRAND,UNIMERCO A/S,1000,20
100268,1,YG BRAND,"UNIVERSAL CUTTING TOOLS, INC.",1000,20
100268,2,OEM BRAND,"UNIVERSAL CUTTING TOOLS, INC.",1000,20
100268,3,NEUTRAL BRAND,"UNIVERSAL CUTTING TOOLS, INC.",1000,20
100268,34,GEM BRAND,"UNIVERSAL CUTTING TOOLS, INC.",1000,20
100269,1,YG BRAND,UTENSILERIA CARMON S.R.L.,1000,20
100269,2,OEM BRAND,UTENSILERIA CARMON S.R.L.,1000,20
100270,1,YG BRAND,Import en Groothandel van Ommen B.V,1000,20
100270,2,OEM BRAND,Import en Groothandel van Ommen B.V,1000,20
100270,3,NEUTRAL BRAND,Import en Groothandel van Ommen B.V,1000,20
100270,58,NO BRAND,Import en Groothandel van Ommen B.V,1000,20
100270,208,PHANTOM,Import en Groothandel van Ommen B.V,1000,20
100270,218,PHANTOM+NEUTRAL,Import en Groothandel van Ommen B.V,1000,20
100270,425,I-TOOLS BRAND,Import en Groothandel van Ommen B.V,1000,20
100271,1,YG BRAND,WEDEVAG TOOLS AB,1000,20
100271,2,OEM BRAND,WEDEVAG TOOLS AB,1000,20
100271,3,NEUTRAL BRAND,WEDEVAG TOOLS AB,1000,20
100272,4,NO MARKING,"YING TONG TOOLS&MOULDS TRADING CO.,",1000,20
100272,122,YT BRAND,"YING TONG TOOLS&MOULDS TRADING CO.,",1000,20
100273,4,NO MARKING,"YUAN JIUNN INTERNATIONAL CO., LTD.",1000,20
100273,52,LV BRAND,"YUAN JIUNN INTERNATIONAL CO., LTD.",1000,20
100274,1,YG BRAND,ZOBOR INDUSTRIA MECANICA LTDA,1000,20
100274,4,NO MARKING,ZOBOR INDUSTRIA MECANICA LTDA,1000,20
100275,1,YG BRAND,AFI TOOL S.L.,1000,20
100275,3,NEUTRAL BRAND,AFI TOOL S.L.,1000,20
100275,4,NO MARKING,AFI TOOL S.L.,1000,20
100276,2,OEM BRAND,ARSYSTEM FERRAMENTAS E AUTOMACOES,1000,20
100276,3,NEUTRAL BRAND,ARSYSTEM FERRAMENTAS E AUTOMACOES,1000,20
100276,4,NO MARKING,ARSYSTEM FERRAMENTAS E AUTOMACOES,1000,20
100276,110,SURYHA BRAND,ARSYSTEM FERRAMENTAS E AUTOMACOES,1000,20
100277,1,YG BRAND,ASFOUR CRYSTAL,1000,20
100277,3,NEUTRAL BRAND,ASFOUR CRYSTAL,1000,20
100278,1,YG BRAND,BEIJING YOUQIANG HARDWARE,1000,20
100279,1,YG BRAND,CANELA S.A.,1000,20
100279,2,OEM BRAND,CANELA S.A.,1000,20
100280,1,YG BRAND,DAR AL SILK TRADING EST.,1000,20
100280,3,NEUTRAL BRAND,DAR AL SILK TRADING EST.,1000,20
100281,1,YG BRAND,FORTUNE EAGLE INVESTMENT LIMTED ROO,1000,20
100281,27,EUROPA BRAND,FORTUNE EAGLE INVESTMENT LIMTED ROO,1000,20
100281,116,UTOOL,FORTUNE EAGLE INVESTMENT LIMTED ROO,1000,20
100282,1,YG BRAND,Dynamic Tooling Services,1000,20
100283,1,YG BRAND,COHESION INTERNATIONAL LTD.,1000,20
100283,4,NO MARKING,COHESION INTERNATIONAL LTD.,1000,20
100283,102,"SHANGHAI, FCT BRAND",COHESION INTERNATIONAL LTD.,1000,20
100283,446,COHESION(YG) BRAND,COHESION INTERNATIONAL LTD.,1000,20
100283,493,"VIETNAM, FCT BRAND",COHESION INTERNATIONAL LTD.,1000,20
100284,1,YG BRAND,"HONGFENG HARDWARE TRADE CO., LTD.",1000,20
100284,2,OEM BRAND,"HONGFENG HARDWARE TRADE CO., LTD.",1000,20
100284,4,NO MARKING,"HONGFENG HARDWARE TRADE CO., LTD.",1000,20
100285,1,YG BRAND,INDACO COMERCIAL LTDA.,1000,20
100285,2,OEM BRAND,INDACO COMERCIAL LTDA.,1000,20
100286,4,NO MARKING,IRWIN IND TOOL FERRAMENTAS DO BRASI,1000,20
100286,154,LENOX BRAND,IRWIN IND TOOL FERRAMENTAS DO BRASI,1000,20
100287,1,YG BRAND,JIFUK METAL AND MACHINERY CO.LTD.,1000,20
100287,2,OEM BRAND,JIFUK METAL AND MACHINERY CO.LTD.,1000,20
100287,3,NEUTRAL BRAND,JIFUK METAL AND MACHINERY CO.LTD.,1000,20
100287,4,NO MARKING,JIFUK METAL AND MACHINERY CO.LTD.,1000,20
100287,12,ASIA BRAND,JIFUK METAL AND MACHINERY CO.LTD.,1000,20
100287,27,EUROPA BRAND,JIFUK METAL AND MACHINERY CO.LTD.,1000,20
100287,45,HSC BRAND,JIFUK METAL AND MACHINERY CO.LTD.,1000,20
100287,58,NO BRAND,JIFUK METAL AND MACHINERY CO.LTD.,1000,20
100287,101,SCS BRAND,JIFUK METAL AND MACHINERY CO.LTD.,1000,20
100287,108,STK BRAND,JIFUK METAL AND MACHINERY CO.LTD.,1000,20
100287,109,STM BRAND,JIFUK METAL AND MACHINERY CO.LTD.,1000,20
100287,117,WAI BRAND,JIFUK METAL AND MACHINERY CO.LTD.,1000,20
100287,124,YS BRAND,JIFUK METAL AND MACHINERY CO.LTD.,1000,20
100287,178,UNS BRAND,JIFUK METAL AND MACHINERY CO.LTD.,1000,20
100287,179,GJIN BRAND,JIFUK METAL AND MACHINERY CO.LTD.,1000,20
100287,230,NO BRAND(2),JIFUK METAL AND MACHINERY CO.LTD.,1000,20
100287,454,NO BRAND 2,JIFUK METAL AND MACHINERY CO.LTD.,1000,20
100288,1,YG BRAND,FAQIHI ENTERPRISES (L.L.C.),1000,20
100288,3,NEUTRAL BRAND,FAQIHI ENTERPRISES (L.L.C.),1000,20
100289,1,YG BRAND,KANDO GROUP CORPORATION,1000,20
100289,20,CORAI BRAND,KANDO GROUP CORPORATION,1000,20
100289,58,NO BRAND,KANDO GROUP CORPORATION,1000,20
100289,239,KANDO OLD CODE,KANDO GROUP CORPORATION,1000,20
100290,100,SCO BRAND,KEEFORD HARDWARE COMPANY LIMITED,1000,20
100290,104,SKL BRAND,KEEFORD HARDWARE COMPANY LIMITED,1000,20
100291,1,YG BRAND,"LINGHUA INTERNATIONAL TRADE CO.,LTD",1000,20
100292,1,YG BRAND,MISUMI(CHINA)PRECISION MACHINERY TR,1000,20
100292,2,OEM BRAND,MISUMI(CHINA)PRECISION MACHINERY TR,1000,20
100292,4,NO MARKING,MISUMI(CHINA)PRECISION MACHINERY TR,1000,20
100293,1,YG BRAND,"MONOTARO CO., LTD.",1000,20
100293,2,OEM BRAND,"MONOTARO CO., LTD.",1000,20
100293,3,NEUTRAL BRAND,"MONOTARO CO., LTD.",1000,20
100293,238,MONOTARO BRAND,"MONOTARO CO., LTD.",1000,20
100293,464,MONOTARO(HITACHINAKA),"MONOTARO CO., LTD.",1000,20
100293,468,OTOKOMAE,"MONOTARO CO., LTD.",1000,20
100294,1,YG BRAND,SAM TAT HARDWARE COMPANY LIMITED,1000,20
100294,2,OEM BRAND,SAM TAT HARDWARE COMPANY LIMITED,1000,20
100295,1,YG BRAND,TOOLQUIP & ALLIED.,1000,20
100295,58,NO BRAND,TOOLQUIP & ALLIED.,1000,20
100295,123,NEW CENTURY BRAND,TOOLQUIP & ALLIED.,1000,20
100296,1,YG BRAND,TRAVERS TOOL S DE RL DE CV,1000,20
100296,2,OEM BRAND,TRAVERS TOOL S DE RL DE CV,1000,20
101385,4,NO MARKING,Camporiondo nord srl,1000,20
101386,85,OSBORN BRAND,Leeport Tools Limited,1000,20
101387,3,NEUTRAL BRAND,MEGA TOOL,1000,20
101388,1,YG BRAND,MOSACO,1000,20
101388,2,OEM BRAND,MOSACO,1000,20
101389,4,NO MARKING,QNCT(ASIA LOGISTICS),1000,20
101390,2,OEM BRAND,"Suruga Production Platform Co.,Ltd",1000,20
101391,2,OEM BRAND,US TOOL GROUP,1000,20
101392,1,YG BRAND,YG-1 EASTERN EUROPE SRL,1000,20
101392,3,NEUTRAL BRAND,YG-1 EASTERN EUROPE SRL,1000,20
101392,4,NO MARKING,YG-1 EASTERN EUROPE SRL,1000,20
101393,1,YG BRAND,YG-1 TRADE,1000,20
101393,2,OEM BRAND,YG-1 TRADE,1000,20
101393,3,NEUTRAL BRAND,YG-1 TRADE,1000,20
101393,4,NO MARKING,YG-1 TRADE,1000,20
101393,21,CORAI NEUTRAL,YG-1 TRADE,1000,20
101393,55,MISUMI BRAND,YG-1 TRADE,1000,20
101393,58,NO BRAND,YG-1 TRADE,1000,20
101393,123,NEW CENTURY BRAND,YG-1 TRADE,1000,20
101393,466,PRIVATE,YG-1 TRADE,1000,20
101393,501,UNBRANDED,YG-1 TRADE,1000,20
101394,55,MISUMI BRAND,MISUMI CORP.(BUFFER),1000,20
101395,1,YG BRAND,SEINEN,1000,20
101490,2,OEM BRAND,GRAINGER GLOBAL SOURCING,1000,20
101490,169,WESTWARD BRAND,GRAINGER GLOBAL SOURCING,1000,20
101500,1,YG BRAND,YG-1 R&D Center,1000,20
101500,2,OEM BRAND,YG-1 R&D Center,1000,20
101500,3,NEUTRAL BRAND,YG-1 R&D Center,1000,20
101500,4,NO MARKING,YG-1 R&D Center,1000,20
101500,55,MISUMI BRAND,YG-1 R&D Center,1000,20
101500,134,DOM-YG BRAND,YG-1 R&D Center,1000,20
101500,145,FEYCHE(YG) BRAND,YG-1 R&D Center,1000,20
101500,501,UNBRANDED,YG-1 R&D Center,1000,20
101507,2,OEM BRAND,"RIJIN NC TOOLS CO,. LTD",1000,20
101524,1,YG BRAND,"TAIFENG PRECISION TOOLS CO.,LTD",1000,20
101536,1,YG BRAND,DAOCHEN,1000,20
101548,2,OEM BRAND,Greenfield Industries,1000,20
101548,139,PUTNAM BRAND,Greenfield Industries,1000,20
101549,58,NO BRAND,"Shanghai jingwen Metal Co.,Ltd",1000,20
102061,1,YG BRAND,WISDOM,1000,20
102061,4,NO MARKING,WISDOM,1000,20
102063,1,YG BRAND,QUEZADA & ASOCIADOS LTDA.,1000,20
102108,1,YG BRAND,ST GROUP,1000,20
102110,2,OEM BRAND,TAAM ENGINEERING CO.,1000,20
102151,2,OEM BRAND,GOWANN(DALIAN)INTERNATIONAL TRADING,1000,20
102151,151,EDS BRAND,GOWANN(DALIAN)INTERNATIONAL TRADING,1000,20
102698,4,NO MARKING,Tecnoutensileria Italiana Srl,1000,20
102711,1,YG BRAND,"CHUEN BAO(XIAME) CARBIDE METAL CO.,",1000,20
102723,3,NEUTRAL BRAND,DTS GmbH,1000,20
102726,2,OEM BRAND,GEIGER MENDES COMERCIAL LTDA,1000,20
102727,1,YG BRAND,Ortek,1000,20
102727,3,NEUTRAL BRAND,Ortek,1000,20
102792,58,NO BRAND,"REGAL PRECISION CO., LTD.",1000,20
102792,96,REGAL BRAND,"REGAL PRECISION CO., LTD.",1000,20
102792,97,S=A=P BRAND,"REGAL PRECISION CO., LTD.",1000,20
102814,58,NO BRAND,SHANGHAI SHUN CUN IMPORT & EXPORT,1000,20
102820,58,NO BRAND,S.S.METAL & ALLOYS,1000,20
102841,1,YG BRAND,INTEHNA ZAGREB D.O.O.,1000,20
102886,1,YG BRAND,PT Javatec Trimitra Utama,1000,20
102893,3,NEUTRAL BRAND,LIDIA AVILA BASCUR,1000,20
102934,2,OEM BRAND,TOOLMEX INDUSTRIAL SOLUTIONS,1000,20
102990,1,YG BRAND,YG-1 Tools Mexico SA de CV,1000,20
102990,2,OEM BRAND,YG-1 Tools Mexico SA de CV,1000,20
102990,58,NO BRAND,YG-1 Tools Mexico SA de CV,1000,20
102990,489,YG BRAND(MX),YG-1 Tools Mexico SA de CV,1000,20
103003,2,OEM BRAND,MELIN TOOL COMPANY,1000,20
103016,1,YG BRAND,SOCIETA BULLONERIA EUROPEA S.p.A,1000,20
103041,1,YG BRAND,SWEDMAQ S.A.,1000,20
103101,1,YG BRAND,PT. YGI TOOLS INDONESIA,1000,20
103101,3,NEUTRAL BRAND,PT. YGI TOOLS INDONESIA,1000,20
103101,58,NO BRAND,PT. YGI TOOLS INDONESIA,1000,20
103101,123,NEW CENTURY BRAND,PT. YGI TOOLS INDONESIA,1000,20
103101,231,KKK BRAND,PT. YGI TOOLS INDONESIA,1000,20
103101,300,KOR-YG BRAND,PT. YGI TOOLS INDONESIA,1000,20
103101,406,KOR-NC BRAND,PT. YGI TOOLS INDONESIA,1000,20
103101,501,UNBRANDED,PT. YGI TOOLS INDONESIA,1000,20
103122,1,YG BRAND,Progressive Business Enterprises (P,1000,20
103131,2,OEM BRAND,Hassay Savage Co.,1000,20
103172,3,NEUTRAL BRAND,"AYMA HERRAMIENTAS, S.A.",1000,20
103177,4,NO MARKING,Pan American Tool Corporation,1000,20
103177,88,PAN AM BRAND,Pan American Tool Corporation,1000,20
103216,2,OEM BRAND,Fastenal Malaysia,1000,20
103220,2,OEM BRAND,"SANLING PRECISION TOOL.CO.,LTD.",1000,20
103247,4,NO MARKING,M.R TOOLS COM. IMP. EXP. LTDA,1000,20
103262,3,NEUTRAL BRAND,E.LECLERC,1000,20
103280,2,OEM BRAND,YG-1 EUROPE(ARNO),1000,20
103287,58,NO BRAND,"SANKYO TOOL CO., LTD. (TAIWAN)",1000,20
103304,27,EUROPA BRAND,TIAN DING HARDWARE COMPANY,1000,20
103330,2,OEM BRAND,"Diabor,S.L.",1000,20
103367,1,YG BRAND,Javier Eduardo Gomez Gomez.,1000,20
103411,3,NEUTRAL BRAND,ZPS-FREZOVACI NASTROJE,1000,20
103411,4,NO MARKING,ZPS-FREZOVACI NASTROJE,1000,20
103439,1,YG BRAND,HYUNDAI MOTOR INDIA LTD,1000,20
103480,27,EUROPA BRAND,"JINDO CNC TOOLS CO.,LTD",1000,20
103480,58,NO BRAND,"JINDO CNC TOOLS CO.,LTD",1000,20
103548,2,OEM BRAND,"KUNSHAN CITY RIFENG TRADING CO.,LTD",1000,20
103548,4,NO MARKING,"KUNSHAN CITY RIFENG TRADING CO.,LTD",1000,20
103548,220,OEM BRAND(RIFENG),"KUNSHAN CITY RIFENG TRADING CO.,LTD",1000,20
103548,222,P-BECK BRAND,"KUNSHAN CITY RIFENG TRADING CO.,LTD",1000,20
103577,2,OEM BRAND,T Corporation,1000,20
103608,1,YG BRAND,IBRAHIM AL NAJJAR INT. CO. W.L.L,1000,20
103615,1,YG BRAND,KODEC Precision Incorporated,1000,20
103621,2,OEM BRAND,XCEED TOOLINGS PVT. LTD.,1000,20
103622,1,YG BRAND,TRUSTECH FOR ENGINEERING & TRADING,1000,20
103622,461,YG(SPECIAL),TRUSTECH FOR ENGINEERING & TRADING,1000,20
103629,58,NO BRAND,Taylor and Jones,1000,20
103631,1,YG BRAND,"BACKJE PHILIPPINES, INC.",1000,20
103646,2,OEM BRAND,ESSKAY TECHNOLOGIES,1000,20
103653,85,OSBORN BRAND,"TPS Machine Tools Co., Ltd",1000,20
103658,1,YG BRAND,BEIT MISCHAR HASHAHAL LTD.,1000,20
103658,58,NO BRAND,BEIT MISCHAR HASHAHAL LTD.,1000,20
103658,123,NEW CENTURY BRAND,BEIT MISCHAR HASHAHAL LTD.,1000,20
103663,3,NEUTRAL BRAND,SOMTA Tools Pty,1000,20
103663,4,NO MARKING,SOMTA Tools Pty,1000,20
103663,237,NO MARKING(2),SOMTA Tools Pty,1000,20
103748,1,YG BRAND,AL JABER INTERNATIONAL TECHNICAL TR,1000,20
103768,238,MONOTARO BRAND,(주)나비엠알오,1000,20
103799,85,OSBORN BRAND,BUFFER STOCK(TPS MACHINE TOOLS),1000,20
103809,58,NO BRAND,Nanchang Cemented Carbide,1000,20
103819,1,YG BRAND,AZEEM ENGINEERING WORKS,1000,20
103840,3,NEUTRAL BRAND,Karcan Kesici Takim San. ve Tic. Lt,1000,20
103846,2,OEM BRAND,AKSHAY ENGINEERS,1000,20
103872,4,NO MARKING,ZHONGHE WUJIN,1000,20
103875,1,YG BRAND,"Walton Hi-Tech Industries Ltd,.",1000,20
103881,2,OEM BRAND,Precision Dormer,1000,20
103905,58,NO BRAND,VIKAS INDUSTRIAL SUPPLIERS PVT.LTD.,1000,20
103970,1,YG BRAND,Fabryka Narzedzi FANAR S.A.,1000,20
103970,2,OEM BRAND,Fabryka Narzedzi FANAR S.A.,1000,20
103970,3,NEUTRAL BRAND,Fabryka Narzedzi FANAR S.A.,1000,20
103970,4,NO MARKING,Fabryka Narzedzi FANAR S.A.,1000,20
103970,432,ELTECH BRAND,Fabryka Narzedzi FANAR S.A.,1000,20
103970,501,UNBRANDED,Fabryka Narzedzi FANAR S.A.,1000,20
103979,2,OEM BRAND,대구텍 유한책임회사,1000,20
103979,3,NEUTRAL BRAND,대구텍 유한책임회사,1000,20
103979,4,NO MARKING,대구텍 유한책임회사,1000,20
104007,2,OEM BRAND,Mahbros Technical Services(MSTS),1000,20
104007,58,NO BRAND,Mahbros Technical Services(MSTS),1000,20
104015,3,NEUTRAL BRAND,Schneider Tools Italia S.r.l.,1000,20
104130,1,YG BRAND,Company PromArsenal,1000,20
104130,3,NEUTRAL BRAND,Company PromArsenal,1000,20
104133,1,YG BRAND,SUPERCUT S.A,1000,20
104133,58,NO BRAND,SUPERCUT S.A,1000,20
104133,123,NEW CENTURY BRAND,SUPERCUT S.A,1000,20
104152,1,YG BRAND,TOOLING COMPANY,1000,20
104152,2,OEM BRAND,TOOLING COMPANY,1000,20
104152,3,NEUTRAL BRAND,TOOLING COMPANY,1000,20
104152,501,UNBRANDED,TOOLING COMPANY,1000,20
104198,1,YG BRAND,"Bic Tool Co., Ltd",1000,20
104198,2,OEM BRAND,"Bic Tool Co., Ltd",1000,20
104202,3,NEUTRAL BRAND,Zagros Tools,1000,20
104237,2,OEM BRAND,MORSE CUTTING TOOLS,1000,20
104241,58,NO BRAND,Qingdao Unicorn Tool (Buffer Stock),1000,20
104241,436,UNICORN BRAND,Qingdao Unicorn Tool (Buffer Stock),1000,20
104271,3,NEUTRAL BRAND,ELTECH,1000,20
104271,432,ELTECH BRAND,ELTECH,1000,20
104275,2,OEM BRAND,NOGA JAPAN LTD.,1000,20
104290,58,NO BRAND,Meusburger,1000,20
104348,1,YG BRAND,JEP Industrades Pte Ltd,1000,20
104348,2,OEM BRAND,JEP Industrades Pte Ltd,1000,20
104348,58,NO BRAND,JEP Industrades Pte Ltd,1000,20
104348,442,OEM_THREADEX,JEP Industrades Pte Ltd,1000,20
104377,1,YG BRAND,"YG-1 (SHANGHAI) CO., LTD.",1000,20
104377,3,NEUTRAL BRAND,"YG-1 (SHANGHAI) CO., LTD.",1000,20
104377,153,IPES BRAND,"YG-1 (SHANGHAI) CO., LTD.",1000,20
104377,469,TI-PHOON(YG)BRAND,"YG-1 (SHANGHAI) CO., LTD.",1000,20
104380,438,FASTENAL BRAND,FASTENAL EUROPE,1000,20
104382,3,NEUTRAL BRAND,"CENTRIX-EG,LTD",1000,20
104382,4,NO MARKING,"CENTRIX-EG,LTD",1000,20
104382,58,NO BRAND,"CENTRIX-EG,LTD",1000,20
104383,231,KKK BRAND,"FUJI BC ENGINEERING CO., LTD.",1000,20
104383,441,FUJI BC BRAND,"FUJI BC ENGINEERING CO., LTD.",1000,20
104383,444,FUJI BC BRAND,"FUJI BC ENGINEERING CO., LTD.",1000,20
104384,2,OEM BRAND,Overseas Continental Trading Pte Lt,1000,20
104384,443,SYG BRAND,Overseas Continental Trading Pte Lt,1000,20
104384,445,OCT BRAND,Overseas Continental Trading Pte Lt,1000,20
104415,1,YG BRAND,SHABUM International Ltd,1000,20
104418,2,OEM BRAND,TUNGALOY INDIA PVT. LTD,1000,20
104419,1,YG BRAND,DENIZ METAL ITH.IHR.PAZ.SAN.TIC.LTD,1000,20
104419,2,OEM BRAND,DENIZ METAL ITH.IHR.PAZ.SAN.TIC.LTD,1000,20
104419,3,NEUTRAL BRAND,DENIZ METAL ITH.IHR.PAZ.SAN.TIC.LTD,1000,20
104435,1,YG BRAND,Shefa Trading LLC,1000,20
104443,3,NEUTRAL BRAND,VARGUS,1000,20
104443,501,UNBRANDED,VARGUS,1000,20
104449,2,OEM BRAND,"JAVAID & KARNAL ENGINEERING CO.,",1000,20
104449,27,EUROPA BRAND,"JAVAID & KARNAL ENGINEERING CO.,",1000,20
104467,1,YG BRAND,JORGE TERRY IMPORTACIONES S.A.,1000,20
104475,447,PROMAT BRAND,NORDWEST Handel AG,1000,20
104477,1,YG BRAND,Brisloy Tools India Private Limited,1000,20
104477,2,OEM BRAND,Brisloy Tools India Private Limited,1000,20
104477,453,BRISLOY,Brisloy Tools India Private Limited,1000,20
104506,3,NEUTRAL BRAND,DURO-METAL,1000,20
104516,3,NEUTRAL BRAND,AR METAL HAND TOOLS CORP,1000,20
104517,2,OEM BRAND,INFINIQUE PRECISION TOOLS PTE LTD,1000,20
104519,2,OEM BRAND,Nofermaq,1000,20
104519,455,KUMO BRAND,Nofermaq,1000,20
104519,501,UNBRANDED,Nofermaq,1000,20
104539,1,YG BRAND,ISCAR PACIFIC LTD,1000,20
104541,2,OEM BRAND,FERTRADING GROUP,1000,20
104554,3,NEUTRAL BRAND,TimesAC Limited,1000,20
104555,2,OEM BRAND,Banyan Tooling Consultants India LL,1000,20
104556,1,YG BRAND,SHENZHEN XINHAICHUAN TECHNOLOGY CO.,1000,20
104572,3,NEUTRAL BRAND,C Company,1000,20
104572,4,NO MARKING,C Company,1000,20
104574,1,YG BRAND,McTools SAS,1000,20
104574,456,CUTEDGE BRAND,McTools SAS,1000,20
104578,58,NO BRAND,Leonardo Marcos Golabek,1000,20
104596,1,YG BRAND,MAADI CO. FOR ENGINEERING,1000,20
104613,3,NEUTRAL BRAND,㈜ 카니스트,1000,20
104624,4,NO MARKING,Solid Carbide Solutions,1000,20
104628,2,OEM BRAND,Gühring KG,1000,20
104628,458,GÜHRING BRAND,Gühring KG,1000,20
104638,2,OEM BRAND,Ferreteria Metalcorte y Afines S.A.,1000,20
104646,3,NEUTRAL BRAND,Carbide Tools,1000,20
104668,3,NEUTRAL BRAND,BO HAN ZHUO CHAO TRADE&BUSINESS CO.,1000,20
104669,3,NEUTRAL BRAND,PIELLE SRL,1000,20
104675,1,YG BRAND,FM Carbide,1000,20
104675,2,OEM BRAND,FM Carbide,1000,20
104681,2,OEM BRAND,ARNO(BUFFER),1000,20
104692,2,OEM BRAND,Carmex Precision Tools,1000,20
104696,3,NEUTRAL BRAND,ROTEC CUTTING TOOLS,1000,20
104698,3,NEUTRAL BRAND,PROTOOL Szerszamipari Kft.,1000,20
104699,2,OEM BRAND,Lomas Engineering Limited,1000,20
104699,501,UNBRANDED,Lomas Engineering Limited,1000,20
104715,3,NEUTRAL BRAND,HAHN+KOLB d.o.o,1000,20
104716,1,YG BRAND,YG-1 Beijing,1000,20
104716,3,NEUTRAL BRAND,YG-1 Beijing,1000,20
104718,3,NEUTRAL BRAND,F.REIS,1000,20
104725,460,SWISSCUT,ACCU-FIX PRECISION,1000,20
104744,1,YG BRAND,Boehlerit GmbH & Co. KG,1000,20
104744,2,OEM BRAND,Boehlerit GmbH & Co. KG,1000,20
104765,2,OEM BRAND,"SUMITOMO ELECTRIC TOOL NET,INC.",1000,20
104771,2,OEM BRAND,MUSTAFA TRADERS,1000,20
104771,3,NEUTRAL BRAND,MUSTAFA TRADERS,1000,20
104789,2,OEM BRAND,TELCON PCD CUTTING TOOLS,1000,20
104796,1,YG BRAND,Boehlerit GmbH & Co. KG,1000,20
104796,2,OEM BRAND,Boehlerit GmbH & Co. KG,1000,20
104796,3,NEUTRAL BRAND,Boehlerit GmbH & Co. KG,1000,20
104796,4,NO MARKING,Boehlerit GmbH & Co. KG,1000,20
104798,58,NO BRAND,Shanghai Vetun Lighting Electrical,1000,20
104815,1,YG BRAND,MAS GmbH,1000,20
104815,2,OEM BRAND,MAS GmbH,1000,20
104815,3,NEUTRAL BRAND,MAS GmbH,1000,20
104820,3,NEUTRAL BRAND,SumInistros industriales ADARRA S.A,1000,20
104833,2,OEM BRAND,G-Tool Services,1000,20
104838,1,YG BRAND,KROMI Logistik AG,1000,20
104838,2,OEM BRAND,KROMI Logistik AG,1000,20
104838,3,NEUTRAL BRAND,KROMI Logistik AG,1000,20
104876,58,NO BRAND,SCHUMACHER (BUFFER),1000,20
104881,2,OEM BRAND,Olilab Brasil,1000,20
104890,463,BOLLHOFF,Bollhoff Fastenings Pvt. Ltd.,1000,20
104894,2,OEM BRAND,TECHNIKS,1000,20
104896,1,YG BRAND,"Cominix Co., LTD",1000,20
104896,2,OEM BRAND,"Cominix Co., LTD",1000,20
104896,123,NEW CENTURY BRAND,"Cominix Co., LTD",1000,20
104902,1,YG BRAND,(사용안함)CUTWEL LIMITED,1000,20
104907,2,OEM BRAND,TOOL MASTER,1000,20
104920,3,NEUTRAL BRAND,SNIPE TOOLS Co.,1000,20
104921,1,YG BRAND,FOXCONN Group (CHINA),1000,20
104921,2,OEM BRAND,FOXCONN Group (CHINA),1000,20
104921,58,NO BRAND,FOXCONN Group (CHINA),1000,20
104922,123,NEW CENTURY BRAND,MOTORSAZAN,1000,20
104930,2,OEM BRAND,Pilot Tools (Pty) Ltd,1000,20
104930,3,NEUTRAL BRAND,Pilot Tools (Pty) Ltd,1000,20
104930,501,UNBRANDED,Pilot Tools (Pty) Ltd,1000,20
104944,3,NEUTRAL BRAND,EINATALL S.L.U,1000,20
104955,2,OEM BRAND,NAP Gladu,1000,20
104972,2,OEM BRAND,Mikrotol d.o.o.,1000,20
104972,27,EUROPA BRAND,Mikrotol d.o.o.,1000,20
104972,466,PRIVATE,Mikrotol d.o.o.,1000,20
104974,2,OEM BRAND,CARBIDE SOURCE,1000,20
104985,2,OEM BRAND,Walter AG,1000,20
104992,1,YG BRAND,YG-1 South Africa,1000,20
104992,3,NEUTRAL BRAND,YG-1 South Africa,1000,20
104992,123,NEW CENTURY BRAND,YG-1 South Africa,1000,20
104998,1,YG BRAND,YG-1 Middle East FZE,1000,20
104998,3,NEUTRAL BRAND,YG-1 Middle East FZE,1000,20
105007,1,YG BRAND,Abzar Gostar Madyar Co,1000,20
105007,27,EUROPA BRAND,Abzar Gostar Madyar Co,1000,20
105012,4,NO MARKING,CarbonCompetence GmbH,1000,20
105024,3,NEUTRAL BRAND,Persian Commercial Group,1000,20
105055,2,OEM BRAND,Tooling Technology Supply,1000,20
105074,3,NEUTRAL BRAND,NVS Company,1000,20
105076,3,NEUTRAL BRAND,"LIMOUTIL, SA",1000,20
105089,1,YG BRAND,Andes Technology S.A.C,1000,20
105097,1,YG BRAND,Swiss-PVD,1000,20
105097,2,OEM BRAND,Swiss-PVD,1000,20
105114,2,OEM BRAND,Winstar Hirdavat Ic ve Dis Tic.Ltd.,1000,20
105119,2,OEM BRAND,"ATA Tools, Inc.",1000,20
105126,1,YG BRAND,Arabian Industry & Trading Co.,1000,20
105128,2,OEM BRAND,"NINGBO HEXIN MACHINE CO., LTD",1000,20
105128,3,NEUTRAL BRAND,"NINGBO HEXIN MACHINE CO., LTD",1000,20
105145,3,NEUTRAL BRAND,SIZ,1000,20
105174,3,NEUTRAL BRAND,CERATIZIT Deutschland GmbH,1000,20
105179,1,YG BRAND,Precitool Werkzeughandel GmbH & Co.,1000,20
105179,2,OEM BRAND,Precitool Werkzeughandel GmbH & Co.,1000,20
105221,1,YG BRAND,AS Sadri Ibrahimi,1000,20
105223,1,YG BRAND,Hufschmied Zerspanungssysteme GmbH,1000,20
105223,3,NEUTRAL BRAND,Hufschmied Zerspanungssysteme GmbH,1000,20
105235,1,YG BRAND,Engineering Center,1000,20
105236,1,YG BRAND,"KUBOTA KOREA CO., LTD",1000,20
105236,484,KUBOTA BRAND,"KUBOTA KOREA CO., LTD",1000,20
105264,3,NEUTRAL BRAND,SmiCut AB,1000,20
105267,1,YG BRAND,Minicut Tooling Manufacturing LLC,1000,20
105267,3,NEUTRAL BRAND,Minicut Tooling Manufacturing LLC,1000,20
105267,501,UNBRANDED,Minicut Tooling Manufacturing LLC,1000,20
105314,1,YG BRAND,INDUS TOOLING SOLUTION,1000,20
105320,2,OEM BRAND,Pilot Precision Products,1000,20
105357,1,YG BRAND,"MH Tool Engineering, Ltd.",1000,20
105361,2,OEM BRAND,AKKO OTOMOTIV MAKINA TAKIM HIRDAVAT,1000,20
105378,58,NO BRAND,"CB CERATIZIT TAIWAN CO., LTD.",1000,20
105402,58,NO BRAND,"Heye & Summit Tools Co., Ltd.",1000,20
105420,1,YG BRAND,YG1 Hungary Kft.,1000,20
105420,3,NEUTRAL BRAND,YG1 Hungary Kft.,1000,20
105423,2,OEM BRAND,Toolmex(Mexico) Industrial Solution,1000,20
105434,2,OEM BRAND,Union Tool-Tech,1000,20
105466,3,NEUTRAL BRAND,PLATIT AG,1000,20
105511,3,NEUTRAL BRAND,ELCO SAS,1000,20
105528,1,YG BRAND,Campos Tools,1000,20
105528,2,OEM BRAND,Campos Tools,1000,20
105528,501,UNBRANDED,Campos Tools,1000,20
105560,3,NEUTRAL BRAND,Adolf Würth GmbH & Co. KG,1000,20
105561,1,YG BRAND,"Cominix (Philippines), Inc.",1000,20
105585,58,NO BRAND,SHANGHAI ST. ALF INTL. TRADING CO.,1000,20
105670,1,YG BRAND,CTC India PVT LTD,1000,20
105670,4,NO MARKING,CTC India PVT LTD,1000,20
105828,58,NO BRAND,"HEYE SPECIAL STEEL CO., LTD.",1000,20
105864,1,YG BRAND,"SAKUSAKU Co., Ltd.",1000,20
105864,476,SAKUSAKU BRAND,"SAKUSAKU Co., Ltd.",1000,20
105871,501,UNBRANDED,DIXI POLYTOOLS S.A.,1000,20
105947,3,NEUTRAL BRAND,Scorta S.r.l.,1000,20
105986,1,YG BRAND,COMINIX TRADING PHILIPPINES INC.,1000,20
106005,2,OEM BRAND,Werkö GmbH,1000,20
106005,3,NEUTRAL BRAND,Werkö GmbH,1000,20
106018,1,YG BRAND,HAAS AUTOMATION INC.,1000,20
106018,2,OEM BRAND,HAAS AUTOMATION INC.,1000,20
106018,188,OEM(GLOBAL),HAAS AUTOMATION INC.,1000,20
106018,490,OEM BRAND(HAAS),HAAS AUTOMATION INC.,1000,20
106018,494,OEM BRAND(HAAS EUR),HAAS AUTOMATION INC.,1000,20
106018,511,OEM(PREMIUM),HAAS AUTOMATION INC.,1000,20
106021,476,SAKUSAKU BRAND,"ZHONGBAN TRADE (SHANGHAI) CO.,LTD.",1000,20
106139,3,NEUTRAL BRAND,CTT-GmbH,1000,20
106268,2,OEM BRAND,Minicut International Italia,1000,20
106268,233,WAVE CUT BRAND,Minicut International Italia,1000,20
106275,487,SANGEO BRAND,SANGEO METAL ISLEME URUNLERI DIS TI,1000,20
106327,2,OEM BRAND,ARROWcut Polska,1000,20
106327,3,NEUTRAL BRAND,ARROWcut Polska,1000,20
106327,501,UNBRANDED,ARROWcut Polska,1000,20
106359,2,OEM BRAND,AIRCRAFT TOOL SUPPLY COMPANY,1000,20
106616,495,BOSS BRNAD,"Aspiring Industry Co.,Ltd",1000,20
106624,3,NEUTRAL BRAND,(BUFFER) DIXI POLYTOOLS S.A.,1000,20
106624,501,UNBRANDED,(BUFFER) DIXI POLYTOOLS S.A.,1000,20
106643,2,OEM BRAND,Michigan Drill,1000,20
106666,2,OEM BRAND,NHAT MINH ENGINEERING JSC,1000,20
106666,3,NEUTRAL BRAND,NHAT MINH ENGINEERING JSC,1000,20
106666,501,UNBRANDED,NHAT MINH ENGINEERING JSC,1000,20
106698,2,OEM BRAND,EZETA,1000,20
106738,188,OEM(GLOBAL),HAAS Europe,1000,20
106738,494,OEM BRAND(HAAS EUR),HAAS Europe,1000,20
106738,511,OEM(PREMIUM),HAAS Europe,1000,20
106821,1,YG BRAND,Guangzhou Huipude Precision Industr,1000,20
106938,2,OEM BRAND,MATTHEY CONSULTING GROUP SARL,1000,20
106970,1,YG BRAND,HAECO Group,1000,20
106975,2,OEM BRAND,"Precision Cutting Tools, LLC",1000,20
106975,501,UNBRANDED,"Precision Cutting Tools, LLC",1000,20
107053,2,OEM BRAND,ATA EUROPE,1000,20
107081,3,NEUTRAL BRAND,ZION,1000,20
107233,2,OEM BRAND,EDEL TEKNiK HIRDAVAT Tic. Ltd. Şti.,1000,20
107362,501,UNBRANDED,UNBRANDED,1000,20
107525,0,,KL,1000,20
107525,2,OEM BRAND,KL,1000,20
107525,58,NO BRAND,KL,1000,20
107546,16,BORDO BRAND,Bordo International,1000,20
107546,486,BORDO BRAND(PACKAGE),Bordo International,1000,20
107546,503,BORDO BRAND(CLAMSELL&SET),Bordo International,1000,20
107546,508,GOLIATH BRAND,Bordo International,1000,20
107790,9,ALCOA BRAND,HOWMET FASTENING SYSTEMS,1000,20
107790,509,RECOIL BRAND,HOWMET FASTENING SYSTEMS,1000,20
107867,501,UNBRANDED,GIMEX DIŞ TİCARET LİMİTED ŞİRKETİ,1000,20
107868,1,YG BRAND,EXCISION PTY LTD,1000,20
107868,247,YG BRAND(DHL),EXCISION PTY LTD,1000,20
107868,501,UNBRANDED,EXCISION PTY LTD,1000,20
107905,501,UNBRANDED,SISO-Mecanis AG,1000,20
107940,2,OEM BRAND,SECO Tools AB,1000,20
107940,501,UNBRANDED,SECO Tools AB,1000,20
108007,38,HERTEL BRAND,"(BUFFER) SID TOOL CO., INC.",1000,20
108007,205,ACCUPRO BRAND,"(BUFFER) SID TOOL CO., INC.",1000,20
108008,2,OEM BRAND,(BUFFER) HAAS AUTOMATION INC.,1000,20
108008,188,OEM(GLOBAL),(BUFFER) HAAS AUTOMATION INC.,1000,20
108008,490,OEM BRAND(HAAS),(BUFFER) HAAS AUTOMATION INC.,1000,20
108008,494,OEM BRAND(HAAS EUR),(BUFFER) HAAS AUTOMATION INC.,1000,20
108008,511,OEM(PREMIUM),(BUFFER) HAAS AUTOMATION INC.,1000,20
108050,2,OEM BRAND,S.A. MAGAFOR,1000,20
108052,1,YG BRAND,Meykan P Cuatro S.R.L.,1000,20
108142,88,PAN AM BRAND,(BUFFER) Pan American Tool Corporat,1000,20
108216,501,UNBRANDED,Silmax S.p.A.,1000,20
108217,1,YG BRAND,ER Industrial Tools SAC.,1000,20
108243,501,UNBRANDED,HTT - Centro Affilatura S.r.l.,1000,20
108276,2,OEM BRAND,MIM,1000,20
108293,501,UNBRANDED,Spanabhebende Präzisionswerkzeuge G,1000,20
108465,518,UTEC BRAND,"MICHIHIRA Co., Ltd.",1000,20
108465,519,VICTORY BRAND,"MICHIHIRA Co., Ltd.",1000,20
108471,501,UNBRANDED,UTILIS AG,1000,20
108509,223,OEM(BOEING),"STELLAR INDUSTRIAL SUPPLY, INC",1000,20
108545,1,YG BRAND,COLT COMMERCIAL INC.,1000,20
108588,1,YG BRAND,SHIMEX TRADING INC,1000,20
