your_code,color_ring,hertel_no
62662382,Blue RING,
62667183,Blue RING,
62664446,Blue RING,
62663224,Blue RING,
62662440,Blue RING,
62667001,Blue RING,
62664404,Blue RING,
62662887,Blue RING,
62662424,Blue RING,
62667126,Blue RING,
62664370,Blue RING,
62663349,Blue RING,
62662416,Blue RING,
62667019,Blue RING,
62664362,Blue RING,
62662861,Blue RING,
62667308,Blue RING,
62664321,Blue RING,
62663315,Blue RING,
62666359,Blue RING,
62667092,Blue RING,
62662507,Blue RING,
62662853,Blue RING,
62662028,Blue RING,
62663497,Blue RING,
62662481,Blue RING,
62662499,Blue RING,
62662895,Blue RING,
62662515,Blue RING,
62663554,Blue RING,
62664347,Blue RING,
62664495,Blue RING,
62663547,Blue RING,
62664834,Blue RING,
62662994,Blue RING,
62664438,Blue RING,
62667068,Blue RING,
62662309,Blue RING,
62663802,Blue RING,
62664453,Blue RING,
62662317,Blue RING,
62663000,Blue RING,
62664388,Blue RING,
62667217,Blue RING,
62662283,Blue RING,
62663745,Blue RING,
62664396,Blue RING,
62667266,Blue RING,
62662259,Blue RING,
62663018,Blue RING,
62667100,Blue RING,
62662242,Blue RING,
62665427,Blue RING,
62667498,Blue RING,
62667688,Blue RING,
62667472,Blue RING,
62667654,Blue RING,
62666938,Blue RING,
62665484,Blue RING,
62666821,Blue RING,
62667738,Blue RING,
62666417,Blue RING,
62668587,Blue RING,
62666425,Blue RING,
62667712,Blue RING,
62666466,Blue RING,
62665450,Blue RING,
62666326,Blue RING,
62667696,Blue RING,
62665112,Blue RING,
62665435,Blue RING,
62666383,Blue RING,
62667704,Blue RING,
62668561,Blue RING,
62666318,Blue RING,
62663372,Blue RING,
62664636,Blue RING,
62663364,Blue RING,
62666367,Blue RING,
62663331,Blue RING,
62664669,Blue RING,
62662150,Blue RING,
62662556,Blue RING,
62662564,Blue RING,
62662598,Blue RING,
62662630,Blue RING,
62662622,Blue RING,
62662648,Blue RING,
62662572,Blue RING,
62662580,Blue RING,
62667639,Blue RING,
62665096,Blue RING,
62665567,Blue RING,
62665120,Blue RING,
62668413,Blue RING,
62665195,Blue RING,
62665757,Blue RING,
62663422,Blue RING,
62668447,Blue RING,
62667423,Blue RING,
62665583,Blue RING,
62667431,Blue RING,
62668439,Blue RING,
62666292,Blue RING,
62665591,Blue RING,
62668397,Blue RING,
62666508,Blue RING,
62668645,Blue RING,
62663406,Blue RING,
62668348,Blue RING,
62662606,Blue RING,
62662614,Blue RING,
62663604,Blue RING,
62662549,Blue RING,
62664792,Blue RING,
62663687,Blue RING,
62664826,Blue RING,
62663679,Blue RING,
62664800,Blue RING,
62663638,Blue RING,
62663869,Blue RING,
62663786,Blue RING,
62664784,Blue RING,
62663729,Blue RING,
62664776,Blue RING,
62663760,Blue RING,
62664016,Blue RING,
62664040,Blue RING,
62664073,Blue RING,
62664065,Blue RING,
62663877,Blue RING,
62664206,Blue RING,
62664198,Blue RING,
62666698,Blue RING,
62666904,Blue RING,
62666599,Blue RING,
62666391,Blue RING,
62666813,Blue RING,
62665666,Blue RING,
62666839,Blue RING,
62668421,Blue RING,
62666805,Blue RING,
62668694,Blue RING,
62666623,Blue RING,
62668405,Blue RING,
62666706,Blue RING,
62668389,Blue RING,
62667555,Blue RING,
62665690,Blue RING,
62667563,Blue RING,
62668371,Blue RING,
62667373,Blue RING,
62668728,Blue RING,
62667506,Blue RING,
62668751,Blue RING,
62664164,Blue RING,
62663265,Blue RING,
62662523,Blue RING,
62665179,Blue RING,
62668603,Blue RING,
62665187,Blue RING,
62667746,Blue RING,
62666565,Blue RING,
62665534,Blue RING,
62666789,Blue RING,
62667720,Blue RING,
62665054,Blue RING,
62665500,Blue RING,
62665013,Blue RING,
62667787,Blue RING,
62665005,Blue RING,
62665039,Blue RING,
62667829,Blue RING,
62666797,Blue RING,
62665492,Blue RING,
62666722,Blue RING,
62667803,Blue RING,
62667332,Blue RING,
62665559,Blue RING,
62667779,Blue RING,
62666680,Blue RING,
62665542,Blue RING,
62663281,Green RING,
62664578,Green RING,
62663851,Green RING,
62664487,Green RING,
62667027,Green RING,
62664529,Green RING,
62667225,Green RING,
62664552,Green RING,
62667084,Green RING,
62664560,Green RING,
62667282,Green RING,
62664461,Green RING,
62666995,Green RING,
62664479,Green RING,
62667290,Green RING,
62664511,Green RING,
62666961,Green RING,
62664545,Green RING,
62663562,Green RING,
62664537,Green RING,
62665914,Green RING,
62663943,Green RING,
62663596,Green RING,
62663901,Green RING,
62666979,Green RING,
62664677,Green RING,
62663174,Green RING,
62663208,Green RING,
62664867,Green RING,
62663182,Green RING,
62664842,Green RING,
62664859,Green RING,
62664875,Green RING,
62664818,Green RING,
62664735,Green RING,
62664743,Green RING,
62662804,Green RING,
62662770,Green RING,
62662762,Green RING,
62663158,Green RING,
62663141,Green RING,
62664263,Green RING,
62663125,Green RING,
62664248,Green RING,
62665831,Green RING,
62666581,Green RING,
62668710,Green RING,
62664941,Green RING,
62666516,Green RING,
62665617,Green RING,
62665104,Green RING,
62666250,Green RING,
62666433,Green RING,
62668652,Green RING,
62666896,Green RING,
62666243,Green RING,
62666748,Green RING,
62668678,Green RING,
62666284,Green RING,
62665799,Green RING,
62666490,Green RING,
62665070,Green RING,
62665641,Green RING,
62668777,Green RING,
62665781,Green RING,
62665807,Green RING,
62665823,Green RING,
62665633,Green RING,
62666607,Green RING,
62664982,Green RING,
62665872,Green RING,
62666946,Green RING,
62665609,Green RING,
62666854,Green RING,
62663216,Green RING,
62664271,Green RING,
62663232,Green RING,
62664222,Green RING,
62663273,Green RING,
62664214,Green RING,
62663307,Green RING,
62664149,Green RING,
62663299,Green RING,
62668553,Green RING,
62666045,Green RING,
62668173,Green RING,
62663976,Green RING,
62663992,Green RING,
62663968,Green RING,
62663893,Green RING,
62662697,Green RING,
62662713,Green RING,
62662531,Green RING,
62664768,Green RING,
62664750,Green RING,
62662812,Green RING,
62662788,Green RING,
62663711,Green RING,
62664156,Green RING,
62664172,Green RING,
62664255,Green RING,
62664313,Green RING,
62664297,Green RING,
62664289,Green RING,
62664305,Green RING,
62666664,Green RING,
62667753,Green RING,
62665138,Green RING,
62665526,Green RING,
62665047,Green RING,
62667795,Green RING,
62666771,Green RING,
62665518,Green RING,
62666755,Green RING,
62667837,Green RING,
62666714,Green RING,
62665419,Green RING,
62665088,Green RING,
62666458,Green RING,
62668488,Green RING,
62666300,Green RING,
62665237,Green RING,
62666029,Green RING,
62668470,Green RING,
62666136,Green RING,
62667902,Green RING,
62666128,Green RING,
62668314,Green RING,
62666102,Green RING,
62667886,Green RING,
62666144,Green RING,
62668298,Green RING,
62666151,Green RING,
62667761,Green RING,
62666110,Green RING,
62668355,Green RING,
62667811,Green RING,
62666201,Green RING,
62665344,Green RING,
62666219,Green RING,
62667928,Green RING,
62664123,Red RING,
62663612,Red RING,
62664115,Red RING,
62663653,Red RING,
62663646,Red RING,
62664024,Red RING,
62663661,Red RING,
62664057,Red RING,
62663703,Red RING,
62663810,Red RING,
62664099,Red RING,
62663752,Red RING,
62664008,Red RING,
62667936,Red RING,
62665021,Red RING,
62665369,Red RING,
62666953,Red RING,
62667993,Red RING,
62666409,Red RING,
62668538,Red RING,
62666573,Red RING,
62667977,Red RING,
62666532,Red RING,
62667969,Red RING,
62666912,Red RING,
62668546,Red RING,
62662333,Red RING,
62663083,Red RING,
62662325,Red RING,
62663778,Red RING,
62662291,Red RING,
62662937,Red RING,
62662267,Red RING,
62662929,Red RING,
62662275,Red RING,
62663166,Red RING,
62662341,Red RING,
62662945,Red RING,
62662358,Red RING,
62663190,Red RING,
62662408,Red RING,
62662960,Red RING,
62662374,Red RING,
62663117,Red RING,
62662390,Red RING,
62662952,Red RING,
62662366,Red RING,
62662044,Red RING,
62667324,Red RING,
62662036,Red RING,
62667118,Red RING,
62662119,Red RING,
62667175,Red RING,
62662093,Red RING,
62667241,Red RING,
62663133,Red RING,
62663505,Red RING,
62662051,Red RING,
62662903,Red RING,
62662002,Red RING,
62662010,Red RING,
62662838,Red RING,
62663570,Red RING,
62665211,Red RING,
62667530,Red RING,
62665245,Red RING,
62662085,Red RING,
62666987,Red RING,
62666086,Red RING,
62665740,Red RING,
62666524,Red RING,
62668165,Red RING,
62663430,Red RING,
62665724,Red RING,
62666334,Red RING,
62665302,Red RING,
62667456,Red RING,
62665732,Red RING,
62667415,Red RING,
62665286,Red RING,
62663380,Red RING,
62665146,Red RING,
62668132,Red RING,
62665153,Red RING,
62668611,Red RING,
62667464,Red RING,
62668025,Red RING,
62666193,Red RING,
62666227,Red RING,
62665328,Red RING,
62666011,Red RING,
62667894,Red RING,
62665922,Red RING,
62668496,Red RING,
62665930,Red RING,
62667860,Red RING,
62665898,Red RING,
62665948,Red RING,
62667878,Red RING,
62665989,Red RING,
62665963,Red RING,
62668017,Red RING,
62666615,White RING,
62668629,White RING,
62666672,White RING,
62665658,White RING,
62663398,White RING,
62668686,White RING,
62666177,White RING,
62668702,White RING,
62663414,White RING,
62665682,White RING,
62665161,White RING,
62666862,White RING,
62668462,White RING,
62666276,White RING,
62668272,White RING,
62666268,White RING,
62668058,White RING,
62664990,White RING,
62668074,White RING,
62664966,White RING,
62668066,White RING,
62664974,White RING,
62668041,White RING,
62664933,White RING,
62668090,White RING,
62666847,White RING,
62665294,White RING,
62666474,White RING,
62668140,White RING,
62666730,White RING,
62668157,White RING,
62663257,White RING,
62668181,White RING,
62666540,White RING,
62668199,White RING,
62667621,White RING,
62668207,White RING,
62665062,White RING,
62665310,White RING,
62666375,White RING,
62668264,White RING,
62667340,White RING,
62668249,White RING,
62666763,White RING,
62668223,White RING,
62665203,White RING,
62663240,Yellow RING,
62662663,Yellow RING,
62667043,Yellow RING,
62662655,Yellow RING,
62667159,Yellow RING,
62662747,Yellow RING,
62667134,Yellow RING,
62662739,Yellow RING,
62667209,Yellow RING,
62663513,Yellow RING,
62662671,Yellow RING,
62663521,Yellow RING,
62662754,Yellow RING,
62667274,Yellow RING,
62664891,Yellow RING,
62665401,Yellow RING,
62664925,Yellow RING,
62667852,Yellow RING,
62664909,Yellow RING,
62668579,Yellow RING,
62664917,Yellow RING,
62667670,Yellow RING,
62665468,Yellow RING,
62665906,Yellow RING,
62667647,Yellow RING,
62662911,Yellow RING,
62664727,Yellow RING,
62662986,Yellow RING,
62664644,Yellow RING,
62662978,Yellow RING,
62664651,Yellow RING,
62662879,Yellow RING,
62664628,Yellow RING,
62663844,Yellow RING,
62664594,Yellow RING,
62663828,Yellow RING,
62664586,Yellow RING,
62662846,Yellow RING,
62664412,Yellow RING,
62664420,Yellow RING,
62667050,Yellow RING,
62662234,Yellow RING,
62663042,Yellow RING,
62664354,Yellow RING,
62663075,Yellow RING,
62662143,Yellow RING,
62667258,Yellow RING,
62664701,Yellow RING,
62665443,Yellow RING,
62665955,Yellow RING,
62667662,Yellow RING,
62665997,Yellow RING,
62663794,Yellow RING,
62662168,Yellow RING,
62667191,Yellow RING,
62662457,Yellow RING,
62663067,Yellow RING,
62662200,Yellow RING,
62663034,Yellow RING,
62664719,Yellow RING,
62663026,Yellow RING,
62662218,Yellow RING,
62663059,Yellow RING,
62662465,Yellow RING,
62663588,Yellow RING,
62662127,Yellow RING,
62663091,Yellow RING,
62664693,Yellow RING,
62663455,Yellow RING,
62663489,Yellow RING,
62664685,Yellow RING,
62663463,Yellow RING,
62662176,Yellow RING,
62663448,Yellow RING,
62664610,Yellow RING,
62663471,Yellow RING,
62662192,Yellow RING,
62663323,Yellow RING,
62664602,Yellow RING,
62663356,Yellow RING,
62662184,Yellow RING,
62666888,Yellow RING,
62668322,Yellow RING,
62668306,Yellow RING,
62667449,Yellow RING,
62668280,Yellow RING,
62666631,Yellow RING,
62668231,Yellow RING,
62666342,Yellow RING,
62668256,Yellow RING,
62666649,Yellow RING,
62668033,Yellow RING,
62668009,Yellow RING,
62667357,Yellow RING,
62667381,Yellow RING,
62664883,Yellow RING,
62668116,Yellow RING,
62665229,Yellow RING,
62665765,Yellow RING,
62665864,Yellow RING,
62667365,Yellow RING,
62668744,Yellow RING,
62666037,Yellow RING,
62668108,Yellow RING,
62667514,Yellow RING,
62665716,Yellow RING,
62666060,Yellow RING,
62668082,Yellow RING,
62667522,Yellow RING,
62665708,Yellow RING,
62666078,Yellow RING,
62665278,Yellow RING,
62667548,Yellow RING,
62665773,Yellow RING,
62666094,Yellow RING,
62668124,Yellow RING,
62668512,Yellow RING,
62667480,Yellow RING,
62663984,Yellow RING,
62663927,Yellow RING,
62663935,Yellow RING,
62663950,Yellow RING,
62667985,Yellow RING,
62667589,Yellow RING,
62665351,Yellow RING,
62667571,Yellow RING,
62665252,Yellow RING,
62666003,Yellow RING,
62665377,Yellow RING,
62667597,Yellow RING,
62667944,Yellow RING,
62665971,Yellow RING,
62665393,Yellow RING,
62667613,Yellow RING,
62667951,Yellow RING,
62665385,Yellow RING,
62667407,Yellow RING,
54810023,,4006229
54810049,,4006230
54810056,,4006228
54810064,,4006227
54810072,,4006226
54810098,,4006225
54810106,,4006224
54810114,,4006223
54810148,,4006222
54810155,,4006221
54810163,,4006220
54810171,,4006219
54810189,,4006218
54810197,,4006217
54810205,,4006216
54810213,,4006215
54810221,,4006214
54810239,,4006213
54810247,,4006212
54810270,,4006211
54810296,,4006210
54810304,,4006209
54810312,,4006208
54810320,,4006207
54810338,,4006206
54810353,,4006205
54810361,,4006204
54810379,,4006203
54810387,,4006202
54810395,,4006201
54810403,,4006200
54810411,,4006199
54810429,,4006194
54810437,,4006193
54810452,,4006192
54810460,,4006191
54810478,,4006198
54810486,,4006197
54810494,,4006196
54810502,,4006195
54810510,,4006269
54810528,,4006268
54810544,,4006267
54810551,,4006266
54810569,,4006263
54810577,,4006262
54810585,,4006261
54810593,,4006260
54810601,,4006258
54810619,,4006257
54810627,,4006256
54810635,,4006255
54810643,,4006254
54810650,,4006252
54810668,,4006251
54810676,,4006250
54810684,,4006249
54810692,,4006247
54810700,,4006246
54810718,,4006244
54810726,,4006243
54810734,,4006242
54810742,,4006240
54810759,,4006241
54810767,,4006239
54810775,,4006238
54810783,,4006237
54810791,,4006236
54810809,,4006235
54810817,,4006234
54810825,,4006233
54810833,,4006232
54810841,,4006231
54810858,,4006245
54810866,,4006248
54810874,,4006253
54810882,,4006259
54810890,,4006264
54810908,,4006265
54812227,,4006022
54812243,,4006023
54812250,,4006038
54812268,,4006021
54812276,,4006036
54812284,,4006037
54812292,,4006035
54812300,,4006034
54812318,,4006032
54812326,,4006033
54812334,,4006031
54812342,,4006030
54812359,,4006029
54812367,,4006027
54812375,,4006028
54812383,,4006026
54812391,,4006025
54812417,,4006024
54812425,,4006047
54812441,,4006051
54812458,,4006059
54812466,,4006060
54812474,,4006061
54812508,,4006057
54812516,,4006056
54812524,,4006055
54812532,,4006054
54812540,,4006053
54812557,,4006052
54812565,,4006050
54812573,,4006049
54812581,,4006048
54812599,,4006046
54812607,,4006045
54812615,,4006044
54812623,,4006043
54812631,,4006042
54812649,,4006041
54812656,,4006040
54812664,,4006039
54812672,,4006058
56867989,,4005923
56867997,,4005922
56868003,,4005918
56868011,,4005921
56868029,,4005919
56868037,,4005920
56868045,,4005917
56868052,,4005916
56868060,,4005914
56868078,,4005913
56868086,,4005915
56868094,,4005912
56868102,,4005911
56868110,,4005909
56868128,,4005910
56868136,,4005908
56868144,,4005907
56868151,,4005906
56868169,,4005905
56868177,,4005904
56868185,,4005903
56868193,,4005902
56868201,,4005901
56868227,,4005900
56868235,,4005899
56868243,,4005929
56868250,,4005928
56868268,,4005927
56868276,,4005926
56868284,,4005925
56868292,,4005924
56868300,,4006019
56868318,,4006018
56868326,,4006017
56868334,,4006015
56868342,,4006014
56868367,,4006012
56868375,,4006010
56868383,,4006011
56868391,,4006009
56868417,,4006007
56868425,,4006006
56868433,,4006004
56868441,,4006003
56868458,,4006001
56868466,,4006000
56868474,,4005999
56868482,,4005998
56868490,,4005996
56868508,,4005995
56868516,,4005993
56868532,,4005992
56868540,,4005991
56868557,,4005989
56868565,,4005988
56868573,,4005986
56868581,,4005985
56868599,,4005984
56868607,,4005981
56868615,,4005979
56868623,,4005978
56868631,,4005977
56868649,,4005976
56868664,,4005975
56868672,,4005974
56868680,,4005972
56868698,,4005968
56868706,,4005967
56868714,,4005965
56868730,,4005964
56868748,,4005963
56868755,,4005962
56868763,,4005961
56868771,,4005960
56868789,,4005959
56868797,,4005958
56868813,,4005957
56868821,,4005955
56868839,,4005954
56868847,,4005953
56868854,,4005951
56868862,,4005948
56868870,,4005947
56868888,,4005946
56868896,,4005945
56868904,,4005944
56868912,,4005935
56868920,,4005940
56868938,,4005941
56868946,,4005949
56868953,,4005952
56868961,,4005950
56868979,,4005956
56868987,,4005966
56868995,,4005971
56869001,,4005969
56869019,,4005970
56869035,,4005973
56869043,,4005980
56869050,,4005982
56869068,,4005983
56869076,,4005987
56869084,,4005990
56869092,,4005994
56869100,,4005997
56869118,,4006002
56869126,,4006005
56869134,,4006008
56869142,,4006013
56869159,,4006016
56869167,,4006020
56869175,,4005943
56869183,,4005942
56869191,,4005939
56869209,,4005938
56869217,,4005937
56869225,,4005936
56869233,,4005934
56869241,,4005933
56869258,,4005932
56869266,,4005931
56869274,,4005930
56869951,,4005784
56869969,,4005783
56869977,,4005781
56869985,,4005782
56869993,,4005780
56870009,,4005779
56870017,,4005778
56870025,,4005777
56870033,,4005858
56870058,,4005859
56870066,,4005857
56870074,,4005856
56870090,,4005855
56870108,,4005854
56870116,,4005853
56870124,,4005851
56870132,,4005852
56870140,,4005850
56870157,,4005849
56870165,,4005848
56870173,,4005847
56870181,,4005846
56870199,,4005845
56870207,,4005844
56870215,,4005841
56870223,,4005842
56870231,,4005843
56870249,,4005840
56870256,,4005839
56870264,,4005838
56870272,,4005837
56870280,,4005836
56870298,,4005835
56870306,,4005834
56870314,,4005833
56870322,,4005832
56870330,,4005831
56870348,,4005830
56870363,,4005829
56870371,,4005828
56870389,,4005827
56870397,,4005826
56870405,,4005825
56870413,,4005824
56870421,,4005823
56870439,,4005822
56870447,,4005821
56870454,,4005820
56870462,,4005819
56870470,,4005817
56870488,,4005816
56870496,,4005814
56870512,,4005813
56870520,,4005811
56870538,,4005810
56870546,,4005809
56870553,,4005807
56870561,,4005806
56870579,,4005805
56870587,,4005802
56870595,,4005801
56870603,,4005800
56870611,,4005799
56870629,,4005797
56870637,,4005795
56870645,,4005794
56870652,,4005793
56870660,,4005792
56870678,,4005791
56870686,,4005790
56870702,,4005789
56870710,,4005788
56870728,,4005787
56870736,,4005786
56870744,,4005785
56870751,,4005796
56870769,,4005798
56870777,,4005803
56870785,,4005804
56870793,,4005808
56870801,,4005812
56870819,,4005815
56870827,,4005818
56870835,,4005897
56870843,,4005896
56870850,,4005895
56870868,,4005894
56870876,,4005893
56870884,,4005889
56870892,,4005888
56870900,,4005887
56870918,,4005886
56870934,,4005885
56870942,,4005882
56870959,,4005881
56870967,,4005880
56870975,,4005879
56870983,,4005878
56870991,,4005876
56871007,,4005875
56871015,,4005873
56871023,,4005872
56871031,,4005871
56871049,,4005869
56871056,,4005866
56871064,,4005865
56871072,,4005864
56871080,,4005863
56871098,,4005862
56871106,,4005861
56871114,,4005860
56871122,,4005867
56871130,,4005868
56871148,,4005870
56871155,,4005874
56871171,,4005883
56871189,,4005877
56871197,,4005884
56871205,,4005891
56871213,,4005890
56871221,,4005892
56871239,,4005898
54810353,,4006205
54810361,,4006204
54810379,,4006203
54810437,,4006193
54810494,,4006196
54810502,,4006195
56869969,,4005783
56870199,,4005845
56870702,,4005789
56870769,,4005798
37553229,,8000222
37553211,,8000223
37553203,,8000224
37553195,,8000225
37553187,,8000226
37553112,,8000227
37553179,,8000228
37553146,,8000229
37553153,,8000230
37553138,,8000231
37553161,,8000232
37553310,,8000233
37553302,,8000234
37553294,,8000235
37553286,,8000236
37553278,,8000237
37553260,,8000238
37553252,,8000239
37553245,,8000240
37553237,,8000241
37552643,,8000242
37552635,,8000243
37552619,,8000244
37552627,,8000245
50631282,,8000246
